step,type,amount,nameOrig,oldbalanceOrg,newbalanceOrig,nameDest,oldbalanceDest,newbalanceDest,isFraud,isFlaggedFraud
8,TRANSFER,1077697.07,C951744383,8218.0,0.0,C76005115,9082.15,1086779.22,0,0
9,PAYMENT,7921.33,C2101912423,104589.0,96667.67,M147708854,0.0,0.0,0,0
7,PAYMENT,7201.17,C1827558114,30512.0,23310.83,M2017601039,0.0,0.0,0,0
9,CASH_OUT,144198.14,C1685421790,0.0,0.0,C232834050,283326.42,661745.18,0,0
8,PAYMENT,5553.34,C1933330001,9999.0,4445.66,M298007466,0.0,0.0,0,0
7,CASH_OUT,500739.74,C1583262335,0.0,0.0,C1426908073,569228.18,0.0,0,0
9,CASH_OUT,107791.75,C638119401,0.0,0.0,C1588635270,376033.34,1353203.99,0,0
9,CASH_IN,310123.93,C1218576098,29767.0,339890.93,C1057152052,408903.8,98779.87,0,0
9,PAYMENT,4484.04,C1638445036,19698.0,15213.96,M533780145,0.0,0.0,0,0
8,PAYMENT,1153.83,C1454689101,9521.0,8367.17,M528226533,0.0,0.0,0,0
7,PAYMENT,6823.06,C1158016054,16673.0,9849.94,M1107168664,0.0,0.0,0,0
9,CASH_OUT,146302.25,C364109875,6093.0,0.0,C1328839342,0.0,146302.25,0,0
6,PAYMENT,17145.26,C589058590,96.0,0.0,M694766024,0.0,0.0,0,0
9,PAYMENT,11880.78,C1107918119,0.0,0.0,M942411959,0.0,0.0,0,0
8,TRANSFER,634435.97,C1627913449,0.0,0.0,C1615804266,919403.99,4512194.13,0,0
9,CASH_OUT,269380.51,C909955223,130148.0,0.0,C1916873789,940957.03,1210337.54,0,0
7,PAYMENT,20860.2,C1337658379,0.0,0.0,M274457305,0.0,0.0,0,0
9,CASH_OUT,368834.68,C647770846,57210.0,0.0,C342774175,77.0,368911.68,0,0
9,PAYMENT,10174.96,C219874097,74786.67,64611.71,M1289338742,0.0,0.0,0,0
3,PAYMENT,906.78,C893281161,36932.95,36026.17,M367589810,0.0,0.0,0,0
9,CASH_IN,166579.02,C1662556803,951.0,167530.02,C356238984,0.0,0.0,0,0
7,PAYMENT,14163.73,C1230121951,278326.8,264163.07,M2002285602,0.0,0.0,0,0
7,PAYMENT,3298.29,C1319875595,8095.0,4796.71,M1596052577,0.0,0.0,0,0
9,CASH_OUT,270673.63,C1240286090,397854.0,127180.37,C876306094,0.0,196925.09,0,0
1,PAYMENT,14204.94,C205278236,0.0,0.0,M399653041,0.0,0.0,0,0
9,TRANSFER,74522.4,C1331357282,33000.0,0.0,C1940468066,472874.07,191526.85,0,0
9,PAYMENT,25854.98,C202772541,0.0,0.0,M342221029,0.0,0.0,0,0
7,CASH_OUT,150082.76,C35005848,0.0,0.0,C1337563431,299693.0,321014.14,0,0
8,PAYMENT,4401.66,C1372404560,1659.0,0.0,M153465621,0.0,0.0,0,0
8,CASH_OUT,81515.77,C1903598663,0.0,0.0,C560041895,523359.27,592588.03,0,0
7,PAYMENT,12692.22,C656632251,6742.47,0.0,M1436732202,0.0,0.0,0,0
8,PAYMENT,8883.19,C132047013,406.0,0.0,M314095560,0.0,0.0,0,0
5,PAYMENT,3646.47,C454958850,21973.0,18326.53,M497507806,0.0,0.0,0,0
5,PAYMENT,22553.97,C2075454833,45676.28,23122.31,M5313207,0.0,0.0,0,0
7,CASH_OUT,194733.84,C828110785,0.0,0.0,C1036454560,808636.09,0.0,0,0
8,CASH_IN,24619.99,C1428829523,3039694.74,3064314.73,C78614515,38657.65,14037.66,0,0
8,CASH_OUT,300953.76,C1835874324,0.0,0.0,C732470450,788047.91,1563966.08,0,0
9,CASH_OUT,420458.87,C1521151786,0.0,0.0,C1383831706,5677882.17,6098341.04,0,0
8,PAYMENT,3074.6,C439878635,43269.0,40194.4,M634076256,0.0,0.0,0,0
3,PAYMENT,4155.21,C2135267024,0.0,0.0,M1610803524,0.0,0.0,0,0
8,CASH_OUT,107441.51,C1147701262,0.0,0.0,C483817115,9978021.28,10014348.15,0,0
8,CASH_OUT,377780.26,C1667658177,326415.0,0.0,C2122200303,556415.55,1003439.91,0,0
7,PAYMENT,3775.77,C381811842,367724.8,363949.03,M1718165585,0.0,0.0,0,0
7,PAYMENT,6037.15,C95655406,79231.0,73193.85,M620415815,0.0,0.0,0,0
1,PAYMENT,795.29,C1850874910,10360.0,9564.71,M575360353,0.0,0.0,0,0
2,PAYMENT,1605.63,C2036949810,30499.0,28893.37,M248705782,0.0,0.0,0,0
8,CASH_IN,121580.83,C745723681,5262501.96,5384082.79,C288106800,189062.05,147892.68,0,0
8,CASH_OUT,141742.77,C1235373758,191.0,0.0,C1689840534,3406.8,113153.73,0,0
9,PAYMENT,608.73,C1836419117,122224.42,121615.69,M1249626412,0.0,0.0,0,0
8,PAYMENT,6537.54,C146446953,27978.0,21440.46,M902596251,0.0,0.0,0,0
9,CASH_IN,85443.91,C1612329088,2480159.68,2565603.59,C1634989162,588832.51,0.0,0,0
8,PAYMENT,7626.5,C1378464682,32332.0,24705.5,M1257205956,0.0,0.0,0,0
9,CASH_IN,60388.73,C700323381,1303599.98,1363988.72,C988406186,96222.0,8213691.14,0,0
7,PAYMENT,21191.67,C228732988,43840.85,22649.18,M1924533224,0.0,0.0,0,0
8,CASH_OUT,36358.61,C293768386,0.0,0.0,C1793436274,124759.51,109554.1,0,0
7,PAYMENT,2572.69,C658449532,57420.0,54847.31,M747280919,0.0,0.0,0,0
8,CASH_OUT,48848.25,C6858897,0.0,0.0,C716442925,4222510.48,4271358.73,0,0
8,TRANSFER,1103594.94,C700169431,184390.0,0.0,C842729010,0.0,5291217.05,0,0
7,CASH_OUT,167377.53,C358143210,39691.0,0.0,C653593128,23725.92,2388.99,0,0
8,PAYMENT,4060.43,C699302992,438360.25,434299.82,M1934687,0.0,0.0,0,0
8,PAYMENT,11523.69,C11204939,0.0,0.0,M1934855810,0.0,0.0,0,0
9,CASH_IN,27233.64,C1171807907,8388394.48,8415628.12,C1739263553,212943.47,185709.83,0,0
8,PAYMENT,3948.64,C1029194183,289.0,0.0,M1436821634,0.0,0.0,0,0
8,CASH_OUT,18181.45,C160886163,84184.0,66002.55,C413046895,5725.0,76155.17,0,0
3,PAYMENT,13653.91,C1569164069,0.0,0.0,M673684041,0.0,0.0,0,0
8,CASH_OUT,84175.39,C396166200,0.0,0.0,C1286885448,143534.68,0.0,0,0
8,CASH_OUT,170560.35,C216558151,10416.23,0.0,C1730964371,795628.27,4416336.25,0,0
8,CASH_OUT,233284.14,C172007001,0.0,0.0,C75457651,420954.76,323253.31,0,0
9,PAYMENT,13907.54,C1068407305,136129.0,122221.46,M519415846,0.0,0.0,0,0
9,CASH_IN,238698.96,C1653781136,1023.0,239721.96,C409277680,0.0,0.0,0,0
9,CASH_OUT,278974.8,C1378979560,0.0,0.0,C654996410,333508.46,623788.35,0,0
8,PAYMENT,398.06,C1354153778,0.0,0.0,M1327820281,0.0,0.0,0,0
1,TRANSFER,354832.51,C152848959,2805.0,0.0,C1100767002,13865.06,233370.36,0,0
7,CASH_IN,207987.55,C259142772,2598843.51,2806831.06,C1339208728,343945.0,0.0,0,0
8,PAYMENT,8985.0,C1036578398,119116.0,110131.0,M1577196804,0.0,0.0,0,0
9,PAYMENT,24715.7,C246859842,665860.4,641144.7,M2050297937,0.0,0.0,0,0
9,CASH_OUT,475685.24,C1917130710,0.0,0.0,C1334669858,1849745.03,4001587.33,0,0
8,PAYMENT,5685.17,C1873687964,29893.25,24208.07,M1362343584,0.0,0.0,0,0
9,CASH_OUT,202684.6,C1177536698,82584.0,0.0,C1606023013,55737.0,154718.22,0,0
9,PAYMENT,7497.04,C326419055,80861.0,73363.96,M1778304053,0.0,0.0,0,0
8,CASH_IN,50413.64,C1827621043,364421.0,414834.64,C619120762,0.0,25709.37,0,0
9,PAYMENT,6611.3,C179892280,436352.65,429741.36,M1864671880,0.0,0.0,0,0
8,CASH_OUT,139428.09,C1522954982,2728030.54,2588602.45,C143580560,20508.0,1475853.11,0,0
8,TRANSFER,189557.88,C851415617,1396723.87,1207165.99,C2137848242,1040640.51,3939899.41,0,0
8,CASH_OUT,171297.04,C1907202811,0.0,0.0,C1894207825,460313.28,631610.32,0,0
8,PAYMENT,6273.45,C538159513,106432.0,100158.55,M880552474,0.0,0.0,0,0
9,CASH_OUT,249909.63,C1418115174,0.0,0.0,C712956349,2409759.58,2948478.71,0,0
9,CASH_OUT,497804.75,C977086194,236332.0,0.0,C1225366033,100092.0,597896.75,0,0
1,CASH_OUT,549884.88,C915233792,4291.6,0.0,C11003494,9576311.43,10588885.27,0,0
8,CASH_OUT,330054.2,C1662791746,0.0,0.0,C1395746279,1427052.2,2728540.46,0,0
8,CASH_IN,192316.63,C1283621492,4050497.66,4242814.29,C1657769946,1713733.82,1521417.19,0,0
9,PAYMENT,12776.28,C618558866,108655.0,95878.72,M1556899919,0.0,0.0,0,0
9,CASH_IN,264665.47,C804946068,22301.0,286966.47,C264862367,585.0,422948.65,0,0
9,PAYMENT,45794.25,C156446979,21082.0,0.0,M1873721222,0.0,0.0,0,0
8,CASH_IN,243859.34,C1449691903,1303253.29,1547112.63,C208427878,1454807.63,1838872.67,0,0
8,CASH_IN,60572.4,C613073033,3831985.65,3892558.06,C961341325,118976.11,22498.64,0,0
8,CASH_IN,112221.76,C1466777616,2169274.59,2281496.35,C1425517471,254630.0,18005.31,0,0
8,CASH_OUT,374633.64,C850174157,12175.0,0.0,C447680780,0.0,238963.55,0,0
8,PAYMENT,13377.42,C1603407617,0.0,0.0,M122969058,0.0,0.0,0,0
8,CASH_IN,312224.07,C456595231,6292159.62,6604383.69,C1014923261,1378636.56,1434633.69,0,0
7,TRANSFER,153720.69,C1970855888,257055.0,103334.31,C1113848808,1116.0,166522.15,0,0
8,CASH_OUT,63628.71,C463522760,0.0,0.0,C1390121014,723084.38,914190.45,0,0
9,CASH_OUT,127259.68,C1460108272,234303.32,107043.64,C1247051677,1665333.49,2927904.17,0,0
8,CASH_IN,86083.99,C1293129485,1269412.63,1355496.62,C1289453529,86597.03,136750.07,0,0
9,PAYMENT,4075.63,C108114230,7001.0,2925.37,M1078230063,0.0,0.0,0,0
7,PAYMENT,8015.47,C1403442684,26045.0,18029.53,M1068004739,0.0,0.0,0,0
8,CASH_IN,330132.71,C1634702207,0.0,330132.71,C163453316,131214.52,0.0,0,0
7,PAYMENT,13744.8,C966240458,0.0,0.0,M1774687834,0.0,0.0,0,0
6,PAYMENT,7515.48,C899111685,73252.0,65736.52,M1196288844,0.0,0.0,0,0
9,PAYMENT,1785.5,C630126910,0.0,0.0,M1227205433,0.0,0.0,0,0
8,CASH_IN,235840.96,C2142202482,4579815.96,4815656.92,C1027992087,392896.45,10862988.56,0,0
9,PAYMENT,21661.79,C1606612582,0.0,0.0,M650279452,0.0,0.0,0,0
8,CASH_OUT,412651.19,C621826049,0.0,0.0,C1639464943,852603.91,631745.85,0,0
8,CASH_IN,79204.21,C1705800567,140668.7,219872.92,C1359044626,24960.53,0.0,0,0
9,CASH_OUT,64510.32,C1030560519,0.0,0.0,C638342484,150622.0,407548.7,0,0
9,CASH_IN,77806.25,C239824022,20361.0,98167.25,C1067936865,0.0,0.0,0,0
9,PAYMENT,16734.62,C1799998311,47404.0,30669.38,M1717170796,0.0,0.0,0,0
8,PAYMENT,3437.81,C894060432,96.0,0.0,M1509921878,0.0,0.0,0,0
6,PAYMENT,20982.22,C2083643423,0.0,0.0,M2034604138,0.0,0.0,0,0
8,CASH_OUT,220199.86,C1856120422,9844.0,0.0,C1781090157,18932.0,2403703.4,0,0
6,PAYMENT,206.66,C1865470187,6791.09,6584.43,M587108575,0.0,0.0,0,0
9,PAYMENT,20851.73,C1008589947,6078.0,0.0,M586461845,0.0,0.0,0,0
8,CASH_OUT,104674.85,C581484909,1750.0,0.0,C922062853,21642.0,163934.23,0,0
7,PAYMENT,84.07,C1085892970,432.0,347.93,M960324818,0.0,0.0,0,0
8,PAYMENT,17834.21,C1953462769,0.0,0.0,M850660874,0.0,0.0,0,0
7,PAYMENT,6503.93,C1049710155,0.0,0.0,M1663002925,0.0,0.0,0,0
8,PAYMENT,3070.41,C1645416527,35025.03,31954.62,M1400055688,0.0,0.0,0,0
9,PAYMENT,3230.38,C1985041851,0.0,0.0,M1821121769,0.0,0.0,0,0
8,CASH_IN,209248.29,C1349581896,2262.0,211510.29,C512626802,10411.0,576636.16,0,0
9,TRANSFER,824095.73,C1006523518,11569.0,0.0,C90454488,33107.0,12566562.49,0,0
8,PAYMENT,2859.66,C311074634,9363.0,6503.34,M1990742742,0.0,0.0,0,0
8,TRANSFER,554719.79,C1819575088,0.0,0.0,C158876320,4465790.2,2984846.84,0,0
8,CASH_OUT,385882.16,C546112474,0.0,0.0,C1404112538,1984602.41,2658931.59,0,0
8,PAYMENT,6130.87,C1552342513,30797.0,24666.13,M1864986987,0.0,0.0,0,0
8,TRANSFER,1145183.56,C1276561589,6163353.68,5018170.12,C2032924554,6561493.61,8171413.33,0,0
7,PAYMENT,2499.7,C1254933470,131438.0,128938.3,M438506351,0.0,0.0,0,0
7,CASH_OUT,87436.99,C862162495,9072.0,0.0,C1207178960,157327.75,240727.2,0,0
8,CASH_OUT,62215.82,C2045982110,200972.0,138756.18,C969412636,0.0,200933.99,0,0
8,PAYMENT,1234.22,C219294812,110292.0,109057.78,M1356269608,0.0,0.0,0,0
7,CASH_IN,44740.0,C223293245,4064279.33,4109019.33,C114618982,716365.55,671625.55,0,0
8,PAYMENT,12694.21,C951551670,65126.8,52432.59,M2130164397,0.0,0.0,0,0
8,PAYMENT,32496.06,C684933362,0.0,0.0,M662443636,0.0,0.0,0,0
8,PAYMENT,4295.21,C1960001241,64792.59,60497.39,M124475900,0.0,0.0,0,0
1,PAYMENT,8364.73,C1767230265,81.0,0.0,M593103894,0.0,0.0,0,0
7,PAYMENT,18270.93,C455675290,0.0,0.0,M2044674471,0.0,0.0,0,0
9,PAYMENT,2738.68,C34503184,8113.0,5374.32,M598676904,0.0,0.0,0,0
1,TRANSFER,109552.96,C1363800072,9915.47,0.0,C1360767589,1846787.05,2107965.39,0,0
8,CASH_OUT,378127.59,C1811374022,0.0,0.0,C1493448513,697021.89,1075149.48,0,0
8,TRANSFER,2446562.05,C1963167586,0.0,0.0,C423580937,10235447.92,12682009.97,0,0
8,CASH_IN,312173.47,C1117948366,7337108.26,7649281.73,C1266035080,3779861.72,3232606.04,0,0
9,PAYMENT,20901.14,C766669185,40889.0,19987.86,M633533264,0.0,0.0,0,0
9,PAYMENT,2976.72,C1811191307,185233.49,182256.78,M1836323142,0.0,0.0,0,0
9,CASH_OUT,128553.84,C1807575708,144645.0,16091.16,C1616972331,42525.46,171079.29,0,0
9,CASH_OUT,350072.79,C1547593251,40089.0,0.0,C1973538135,493551.41,765060.29,0,0
8,CASH_OUT,31519.66,C953996723,0.0,0.0,C179481608,53487.41,85007.07,0,0
8,CASH_IN,224896.97,C1300528549,15443.29,240340.26,C998255530,340395.64,331925.12,0,0
9,TRANSFER,868355.71,C2043333620,0.0,0.0,C1566789241,2371489.49,4009679.27,0,0
8,CASH_OUT,122298.81,C937380004,0.0,0.0,C503485607,219539.64,341838.45,0,0
8,PAYMENT,11217.14,C767924310,152863.0,141645.86,M2140138909,0.0,0.0,0,0
8,PAYMENT,6190.37,C710136833,1306.0,0.0,M1122089151,0.0,0.0,0,0
8,CASH_IN,4737.7,C1145890720,12600262.48,12605000.18,C594250212,11892.0,183397.84,0,0
8,CASH_OUT,219441.06,C1481800615,0.0,0.0,C711496491,252813.79,472254.85,0,0
8,PAYMENT,10285.83,C1511386192,10099.0,0.0,M1576221393,0.0,0.0,0,0
9,PAYMENT,10447.28,C1465407714,59448.0,49000.72,M349643562,0.0,0.0,0,0
8,PAYMENT,5144.47,C1435252337,41907.0,36762.53,M654838366,0.0,0.0,0,0
9,PAYMENT,15850.12,C180191263,9197.0,0.0,M716090765,0.0,0.0,0,0
9,TRANSFER,1379824.99,C820699818,489092.0,0.0,C514268168,165.0,3735377.05,0,0
8,CASH_IN,291188.63,C1207638840,531.0,291719.63,C1493513506,1226531.92,1642701.33,0,0
8,PAYMENT,13097.59,C305244160,202728.69,189631.11,M614622550,0.0,0.0,0,0
1,CASH_OUT,124832.65,C452457802,128.0,0.0,C812586739,4795.0,122027.28,0,0
8,PAYMENT,52031.26,C1760453961,651185.17,599153.9,M778563460,0.0,0.0,0,0
9,TRANSFER,450073.94,C1936591219,106976.0,0.0,C2066777507,3277.29,208425.97,0,0
9,CASH_IN,116914.61,C1205715953,1244778.84,1361693.45,C1299829127,378900.96,527769.59,0,0
8,TRANSFER,340846.07,C1563232442,169.0,0.0,C1022680775,71835.64,1070858.6,0,0
8,PAYMENT,1481.14,C251988508,0.0,0.0,M2122390950,0.0,0.0,0,0
8,TRANSFER,95188.38,C1201201136,136.0,0.0,C556812393,23041.0,0.0,0,0
6,CASH_IN,107588.94,C448600616,2154949.66,2262538.6,C985934102,2675419.22,5827219.22,0,0
8,PAYMENT,10808.84,C773391167,100170.0,89361.16,M1799012282,0.0,0.0,0,0
8,PAYMENT,10734.42,C500121224,30162.0,19427.58,M1920194110,0.0,0.0,0,0
2,PAYMENT,1383.91,C1424188812,40051.99,38668.08,M71209097,0.0,0.0,0,0
7,TRANSFER,328683.58,C973970201,30227.0,0.0,C1360767589,11202371.76,18482735.85,0,0
9,CASH_OUT,2600.8,C1419279825,0.0,0.0,C1079491260,127609.33,465228.93,0,0
7,CASH_IN,320905.06,C1364710780,6121215.27,6442120.33,C686592713,585907.0,1989877.01,0,0
8,CASH_OUT,54524.44,C1305990673,0.0,0.0,C545710008,1808500.78,1282962.39,0,0
9,TRANSFER,539514.65,C1862798949,0.0,0.0,C459172227,2674981.69,6270312.93,0,0
8,PAYMENT,663.66,C1298942933,39625.0,38961.34,M235839070,0.0,0.0,0,0
8,CASH_OUT,187910.47,C535452477,0.0,0.0,C70895366,1396863.34,1834004.82,0,0
8,TRANSFER,567853.72,C1310640343,5058.0,0.0,C510382951,0.0,975636.19,0,0
8,PAYMENT,11774.96,C1921409672,0.0,0.0,M1821783526,0.0,0.0,0,0
8,PAYMENT,2258.16,C1534361996,173905.51,171647.35,M1968404032,0.0,0.0,0,0
9,CASH_OUT,133368.73,C765079097,9374.0,0.0,C1031841806,0.0,0.0,0,0
8,PAYMENT,3637.73,C1869412309,159903.94,156266.21,M330590464,0.0,0.0,0,0
7,PAYMENT,11591.3,C592313486,0.0,0.0,M412191417,0.0,0.0,0,0
8,PAYMENT,6654.75,C1956249094,101485.0,94830.25,M1332070434,0.0,0.0,0,0
8,CASH_OUT,247720.37,C1568464349,619.0,0.0,C1384210339,0.0,247720.37,0,0
9,CASH_OUT,69928.5,C550438086,172123.0,102194.5,C518518143,86894.55,137793.14,0,0
8,PAYMENT,23529.96,C1472216991,0.0,0.0,M1510960938,0.0,0.0,0,0
7,PAYMENT,1813.69,C1219477825,1228.0,0.0,M558046602,0.0,0.0,0,0
1,PAYMENT,1053.13,C1105090408,107327.0,106273.87,M1599566873,0.0,0.0,0,0
8,PAYMENT,2284.17,C1890066409,21073.0,18788.83,M253157271,0.0,0.0,0,0
8,CASH_IN,164793.84,C1813453665,30356.0,195149.84,C1638556416,703508.37,335656.26,0,0
9,PAYMENT,30.77,C250179584,39418.0,39387.23,M383141758,0.0,0.0,0,0
2,TRANSFER,235882.32,C216919586,137806.0,0.0,C885951223,281857.03,68880.79,0,0
8,PAYMENT,154.15,C631023950,714553.34,714399.19,M2034445578,0.0,0.0,0,0
9,PAYMENT,13253.6,C610100729,8896.04,0.0,M2006386080,0.0,0.0,0,0
2,CASH_OUT,205054.97,C2050124277,17996.17,0.0,C451111351,3419944.48,2560556.45,0,0
1,TRANSFER,125872.53,C1443967876,0.0,0.0,C392292416,348512.0,3420103.09,0,0
9,PAYMENT,2672.39,C2027828395,0.0,0.0,M91696741,0.0,0.0,0,0
1,PAYMENT,7123.18,C2011342562,66300.68,59177.5,M1460696714,0.0,0.0,0,0
7,PAYMENT,2841.66,C2095013613,327.0,0.0,M360073749,0.0,0.0,0,0
4,DEBIT,181.87,C67928167,370.0,188.13,C459857341,105499.05,105680.92,0,0
8,PAYMENT,3641.36,C1895086996,347016.0,343374.64,M907379745,0.0,0.0,0,0
9,PAYMENT,27183.72,C1529081695,31245.0,4061.28,M1659074949,0.0,0.0,0,0
1,PAYMENT,14145.51,C699871906,22752.54,8607.03,M460333119,0.0,0.0,0,0
8,CASH_OUT,46084.74,C780799120,28946.35,0.0,C2123604590,80457.0,127236.77,0,0
8,TRANSFER,1034484.15,C2085463038,7636589.79,6602105.64,C635281078,1581366.73,2615850.88,0,0
7,CASH_OUT,10754.33,C1613658782,0.0,0.0,C2006206648,15395.0,26149.33,0,0
9,CASH_IN,263663.89,C491618508,5755233.12,6018897.01,C1318491599,327613.25,140289.91,0,0
9,PAYMENT,1279.92,C648580022,0.0,0.0,M1677358169,0.0,0.0,0,0
9,CASH_OUT,87548.65,C1413510281,219.0,0.0,C1536091721,0.0,87548.65,0,0
7,TRANSFER,1860431.8,C1341036477,0.0,0.0,C716083600,4292841.2,7382990.5,0,0
8,PAYMENT,7076.09,C338619769,52117.0,45040.91,M346794051,0.0,0.0,0,0
7,PAYMENT,4379.29,C146644232,60214.55,55835.25,M413088973,0.0,0.0,0,0
7,PAYMENT,17125.12,C1156343351,18422.0,1296.88,M1510692106,0.0,0.0,0,0
9,CASH_OUT,29612.45,C1096883685,53132.0,23519.55,C570588770,0.0,29612.45,0,0
8,CASH_IN,280233.68,C473321536,172280.55,452514.24,C473485349,359201.84,78968.16,0,0
2,PAYMENT,2876.88,C79092014,109.0,0.0,M864657274,0.0,0.0,0,0
9,CASH_OUT,50224.98,C2005608963,0.0,0.0,C1800159847,197379.0,70788.74,0,0
8,CASH_IN,329058.25,C236303893,390268.28,719326.53,C1234059684,654252.93,588641.6,0,0
1,CASH_IN,119081.76,C827328832,2364146.87,2483228.64,C1023714065,2762216.66,1412484.09,0,0
7,PAYMENT,4164.82,C430940787,21080.0,16915.18,M1021990173,0.0,0.0,0,0
8,PAYMENT,17819.36,C665960320,23191.07,5371.7,M487617434,0.0,0.0,0,0
9,CASH_OUT,171063.56,C2065976313,0.0,0.0,C1121453612,2046019.02,2642036.09,0,0
9,PAYMENT,1471.68,C942928334,11860.0,10388.32,M35036640,0.0,0.0,0,0
8,CASH_IN,44466.94,C906795381,7921238.42,7965705.36,C554025243,273082.76,0.0,0,0
8,PAYMENT,18644.47,C2143795732,0.0,0.0,M637220190,0.0,0.0,0,0
8,CASH_OUT,3377.42,C1780003984,0.0,0.0,C1540929793,21550.0,2977.52,0,0
8,CASH_OUT,486724.72,C1314508765,0.0,0.0,C627675433,634738.25,5189726.17,0,0
8,PAYMENT,9941.67,C2013757212,144715.0,134773.33,M159672884,0.0,0.0,0,0
8,CASH_OUT,389114.82,C1117718407,2039541.55,1650426.73,C1552859894,3018034.04,10269973.47,0,0
6,PAYMENT,1059.81,C1857403367,1781.23,721.42,M2011639997,0.0,0.0,0,0
8,CASH_OUT,358554.47,C1257379837,15315.0,0.0,C1698593276,0.0,1191888.4,0,0
8,TRANSFER,1575635.01,C1051061138,27195.07,0.0,C347696158,14149440.73,15639132.7,0,0
8,CASH_OUT,212799.59,C1933320224,0.0,0.0,C1948558238,10261859.13,11604362.04,0,0
7,PAYMENT,547.65,C1228117293,1656598.86,1656051.21,M1461380821,0.0,0.0,0,0
8,PAYMENT,18144.63,C662579313,208779.54,190634.91,M1037891388,0.0,0.0,0,0
9,CASH_OUT,105922.53,C754781107,0.0,0.0,C399387267,245691.61,234067.37,0,0
8,PAYMENT,33490.16,C392554640,0.0,0.0,M1063088470,0.0,0.0,0,0
5,PAYMENT,12702.69,C668568559,0.0,0.0,M882053845,0.0,0.0,0,0
9,CASH_IN,439894.88,C1746234918,55895.0,495789.88,C509784188,28989.0,0.0,0,0
8,CASH_OUT,521717.69,C1556193475,0.0,0.0,C93166806,1705093.34,2226811.03,0,0
8,PAYMENT,12917.43,C368754053,39585.0,26667.57,M624269032,0.0,0.0,0,0
9,TRANSFER,857236.94,C155344092,486106.16,0.0,C748014372,7401474.48,12682604.51,0,0
4,PAYMENT,18519.83,C298156448,0.0,0.0,M627411361,0.0,0.0,0,0
9,CASH_OUT,243502.48,C1077636305,0.0,0.0,C525425627,270580.7,514083.17,0,0
9,PAYMENT,4112.91,C1983925033,76782.0,72669.09,M1771140279,0.0,0.0,0,0
9,CASH_OUT,24603.02,C244571932,10557.0,0.0,C1746261400,0.0,24603.02,0,0
8,CASH_OUT,30665.1,C979047987,0.0,0.0,C1039162432,5630511.42,5478833.48,0,0
9,PAYMENT,2627.67,C2135516480,423373.76,420746.09,M81246223,0.0,0.0,0,0
7,CASH_OUT,114837.89,C186415926,0.0,0.0,C346008447,243498.48,1248456.29,0,0
1,TRANSFER,1724887.05,C1495608502,0.0,0.0,C1590550415,3470595.1,19169204.93,0,0
8,CASH_OUT,345386.08,C1190303205,0.0,0.0,C1282155635,424752.58,770138.65,0,0
9,CASH_OUT,126054.13,C1912865119,0.0,0.0,C1216745400,148419.34,798058.05,0,0
8,CASH_IN,742.99,C2113818081,10318082.32,10318825.31,C1865794570,28837.0,28094.01,0,0
1,PAYMENT,17389.94,C1659435106,0.0,0.0,M653515020,0.0,0.0,0,0
8,CASH_IN,64902.86,C539261066,59985.0,124887.86,C66893623,597824.48,532921.62,0,0
8,CASH_IN,351836.63,C1165352725,7347577.75,7699414.38,C1829831147,434652.79,0.0,0,0
1,PAYMENT,19644.08,C130166095,76008.06,56363.98,M1599674462,0.0,0.0,0,0
8,CASH_OUT,263544.23,C974767608,0.0,0.0,C1016689071,758474.46,1024005.37,0,0
9,CASH_OUT,379090.09,C325385644,22094.0,0.0,C381350369,818756.77,1127348.09,0,0
8,PAYMENT,2440.79,C705715110,166950.0,164509.21,M587701107,0.0,0.0,0,0
8,CASH_IN,35102.77,C1782007375,7912947.07,7948049.85,C1292435170,1975052.51,2076594.43,0,0
1,PAYMENT,12363.37,C1356236848,2369160.89,2356797.53,M508760925,0.0,0.0,0,0
7,PAYMENT,9923.11,C1663629689,6333.0,0.0,M388797014,0.0,0.0,0,0
8,CASH_IN,21713.65,C908937955,22911.0,44624.65,C2043975568,0.0,64687.56,0,0
7,PAYMENT,6318.31,C998094082,40635.0,34316.69,M183201101,0.0,0.0,0,0
9,CASH_OUT,319383.92,C560874738,167.0,0.0,C1067741229,0.0,290155.34,0,0
9,CASH_OUT,29132.9,C1212958484,0.0,0.0,C862584412,85951.21,120386.21,0,0
9,CASH_OUT,295013.83,C1015974397,0.0,0.0,C751413576,928142.7,1679643.78,0,0
9,CASH_IN,256745.14,C272554219,5640344.47,5897089.62,C1027017168,1361101.48,1104356.33,0,0
8,PAYMENT,4559.44,C1922887605,350864.0,346304.56,M1771169983,0.0,0.0,0,0
2,CASH_IN,320217.01,C707892422,5848720.16,6168937.16,C1318822808,326990.85,11142.89,0,0
9,PAYMENT,4712.54,C1688816678,15459.23,10746.7,M1718950042,0.0,0.0,0,0
8,CASH_OUT,279760.69,C438752851,0.0,0.0,C1340123681,284653.41,824371.62,0,0
1,PAYMENT,6913.46,C1903406683,82436.0,75522.54,M1917149817,0.0,0.0,0,0
9,PAYMENT,3289.36,C1346096376,33163.0,29873.64,M788412930,0.0,0.0,0,0
8,PAYMENT,11288.1,C1870501420,384294.68,373006.57,M87013737,0.0,0.0,0,0
9,CASH_OUT,291718.29,C81338677,0.0,0.0,C2115178036,4409365.52,6019412.84,0,0
1,CASH_IN,82564.24,C322830747,6739112.35,6821676.59,C2050019814,342077.36,0.0,0,0
1,PAYMENT,6926.67,C751021317,152927.0,146000.33,M1896552614,0.0,0.0,0,0
9,PAYMENT,1835.46,C817716579,15644.0,13808.54,M437087435,0.0,0.0,0,0
8,CASH_IN,31322.02,C1636239280,688086.1,719408.12,C30079792,1942756.04,1536473.0,0,0
1,PAYMENT,2803.83,C1129433283,0.0,0.0,M864138492,0.0,0.0,0,0
8,PAYMENT,18275.37,C1168196181,361883.49,343608.12,M1044176458,0.0,0.0,0,0
6,PAYMENT,18726.7,C421984610,542.0,0.0,M1652114818,0.0,0.0,0,0
6,TRANSFER,1280020.98,C1000719581,0.0,0.0,C1262822392,13511264.76,16853978.68,0,0
9,CASH_OUT,411892.51,C186223278,0.0,0.0,C1790202239,1914045.44,2738706.35,0,0
8,PAYMENT,5075.37,C1739457099,158483.0,153407.63,M1377507210,0.0,0.0,0,0
8,PAYMENT,563.37,C872663808,59788.0,59224.63,M1985442478,0.0,0.0,0,0
9,CASH_OUT,156205.22,C1184759726,0.0,0.0,C1900645000,463176.7,619381.92,0,0
1,CASH_IN,5763.99,C544966217,1276098.29,1281862.28,C1870252780,24632.95,46462.23,0,0
8,PAYMENT,27954.56,C1915866672,50467.5,22512.94,M704496042,0.0,0.0,0,0
9,CASH_OUT,546228.36,C296579822,10921.0,0.0,C1897050650,1263743.21,1508376.8,0,0
8,CASH_IN,252632.23,C223521682,5388049.27,5640681.5,C357863579,474969.68,222337.44,0,0
1,TRANSFER,554026.99,C1603696865,0.0,0.0,C766572210,579285.56,0.0,0,0
9,CASH_IN,29228.58,C1826027455,464087.9,493316.48,C1067741229,319383.92,290155.34,0,0
3,CASH_IN,99657.13,C839457812,4597727.16,4697384.29,C11003494,11256993.38,11157336.25,0,0
8,CASH_OUT,101172.43,C36694642,0.0,0.0,C1638372110,797370.47,1002856.87,0,0
8,PAYMENT,6496.88,C1902721638,32166.0,25669.12,M1009889405,0.0,0.0,0,0
8,PAYMENT,4452.16,C1120671695,20292.0,15839.84,M1674129623,0.0,0.0,0,0
6,PAYMENT,18591.22,C1673947520,264732.0,246140.78,M147646893,0.0,0.0,0,0
9,PAYMENT,11690.67,C700820463,0.0,0.0,M1372887140,0.0,0.0,0,0
4,PAYMENT,1105.34,C206091587,7089.0,5983.66,M1970880279,0.0,0.0,0,0
8,CASH_OUT,274822.24,C1104443778,11560.0,0.0,C1107146140,768693.34,1655416.88,0,0
9,PAYMENT,11392.23,C1777314575,20790.0,9397.77,M790153132,0.0,0.0,0,0
8,PAYMENT,5761.55,C269098704,2475435.97,2469674.42,M1346814966,0.0,0.0,0,0
8,CASH_OUT,11916.76,C909777411,97069.73,85152.97,C1538264524,229443.87,555348.58,0,0
9,CASH_OUT,125556.8,C890250372,0.0,0.0,C1134883945,1785437.22,1910994.02,0,0
9,PAYMENT,4998.11,C1364075386,31620.0,26621.89,M257178545,0.0,0.0,0,0
8,CASH_OUT,23236.3,C1646093377,0.0,0.0,C1380252219,503898.27,866374.77,0,0
8,CASH_OUT,35796.4,C1038537221,0.0,0.0,C1209981276,50235.13,26165.69,0,0
1,CASH_IN,222126.95,C870322840,6688712.64,6910839.59,C1286084959,1397610.6,2107778.11,0,0
8,PAYMENT,29034.9,C377264347,0.0,0.0,M466751811,0.0,0.0,0,0
8,PAYMENT,7453.37,C438546361,21071.0,13617.63,M605687913,0.0,0.0,0,0
9,CASH_OUT,604704.2,C1996524424,124135.0,0.0,C1021790512,13850.66,618554.86,0,0
8,CASH_IN,345695.0,C1714469466,10720.0,356415.0,C1036138670,78183.94,465858.75,0,0
9,CASH_IN,137297.96,C1009101830,4025373.27,4162671.22,C1258662321,1368421.58,1231123.63,0,0
9,CASH_OUT,163917.82,C2045565908,16031.0,0.0,C1785360415,164456.11,716638.92,0,0
9,CASH_OUT,266482.04,C47624638,682.0,0.0,C142585591,21366.0,851081.92,0,0
7,CASH_IN,23821.02,C1424538129,7672941.92,7696762.95,C9916873,298763.46,790472.9,0,0
5,CASH_OUT,81917.31,C1847825207,10932.78,0.0,C2083562754,2724135.13,2808555.73,0,0
8,CASH_IN,91118.47,C2111749212,6143383.04,6234501.51,C2113508588,356451.63,0.0,0,0
8,CASH_OUT,323789.56,C661668091,74606.37,0.0,C2042633527,22266685.27,22590474.83,0,0
9,CASH_IN,514.52,C462537880,3757730.74,3758245.27,C57222203,2669187.84,3054454.39,0,0
8,PAYMENT,15641.19,C169529725,106.0,0.0,M11478640,0.0,0.0,0,0
3,PAYMENT,9419.48,C622690269,22393.0,12973.52,M2028372993,0.0,0.0,0,0
8,CASH_OUT,66151.42,C2057767116,35706.0,0.0,C539169668,0.0,66151.42,0,0
7,TRANSFER,507939.66,C318197400,152290.0,0.0,C1414529337,1448.0,0.0,0,0
8,PAYMENT,2311.47,C1694228289,0.0,0.0,M1741551200,0.0,0.0,0,0
8,CASH_OUT,237904.63,C1176037947,309390.98,71486.36,C250593727,3947.65,0.0,0,0
3,TRANSFER,206925.43,C1511319053,0.0,0.0,C11003494,11157336.25,10946411.29,0,0
8,PAYMENT,6188.81,C1889091247,1639913.95,1633725.15,M1784227095,0.0,0.0,0,0
7,CASH_OUT,25196.04,C285249653,0.0,0.0,C713961699,39340.68,0.0,0,0
8,PAYMENT,27192.27,C171329331,0.0,0.0,M28091341,0.0,0.0,0,0
8,PAYMENT,1270.17,C410298588,55731.55,54461.37,M714914851,0.0,0.0,0,0
7,PAYMENT,6810.29,C1547050072,32202.0,25391.71,M330343151,0.0,0.0,0,0
7,PAYMENT,624.35,C820030112,7327.0,6702.65,M423244858,0.0,0.0,0,0
1,CASH_IN,71151.31,C336927685,2091563.17,2162714.48,C1068824137,336243.67,265092.36,0,0
6,PAYMENT,37699.34,C831656273,642830.98,605131.64,M1464460851,0.0,0.0,0,0
8,PAYMENT,7254.4,C1577264817,9910.0,2655.6,M626532975,0.0,0.0,0,0
8,CASH_IN,121916.32,C1640083683,8277474.81,8399391.13,C1401316767,165624.18,2085232.92,0,0
9,PAYMENT,14672.63,C594018167,0.0,0.0,M1707400235,0.0,0.0,0,0
9,CASH_OUT,199083.25,C480395432,0.0,0.0,C2067466390,3195253.76,4021813.78,0,0
8,PAYMENT,11950.87,C1921055700,407264.7,395313.83,M1770271962,0.0,0.0,0,0
6,PAYMENT,23795.0,C1778700964,0.0,0.0,M900327013,0.0,0.0,0,0
9,PAYMENT,32066.88,C531804877,0.0,0.0,M731546342,0.0,0.0,0,0
9,CASH_OUT,97494.17,C1101488371,0.0,0.0,C1139667442,461119.59,377327.15,0,0
9,CASH_OUT,46272.79,C1182067416,41257.0,0.0,C246109387,10502.0,0.0,0,0
7,CASH_OUT,143320.57,C868128251,0.0,0.0,C728885526,211120.9,608211.84,0,0
9,CASH_OUT,138775.43,C1048575018,9931.0,0.0,C1117822937,181758.6,459615.9,0,0
1,PAYMENT,5575.09,C2042884127,5773.0,197.91,M1815025408,0.0,0.0,0,0
7,PAYMENT,6328.06,C744885786,506000.0,499671.94,M159394830,0.0,0.0,0,0
8,PAYMENT,6526.07,C343918089,20813.0,14286.93,M1905150714,0.0,0.0,0,0
8,CASH_OUT,426493.35,C710792220,31347.0,0.0,C395114097,19312.97,445806.32,0,0
8,CASH_OUT,180482.57,C1950077078,44325.81,0.0,C1406749291,1168723.3,1357168.27,0,0
7,PAYMENT,5960.6,C1867037662,7496.0,1535.4,M1492742127,0.0,0.0,0,0
9,PAYMENT,30381.67,C1881794502,169384.86,139003.19,M519364656,0.0,0.0,0,0
9,CASH_IN,10905.03,C65691051,1556695.23,1567600.26,C1016689071,1134070.88,1641111.87,0,0
8,TRANSFER,634743.95,C132921364,81415.93,0.0,C524804429,718668.73,1353412.68,0,0
8,DEBIT,1045.18,C67597280,30602.0,29556.82,C453984087,625305.44,548359.45,0,0
7,PAYMENT,7580.9,C1822591511,9054.0,1473.1,M1992264544,0.0,0.0,0,0
8,CASH_OUT,73025.36,C1497614595,0.0,0.0,C674913323,3154953.59,4984485.97,0,0
8,PAYMENT,197.39,C1603324844,0.0,0.0,M936591706,0.0,0.0,0,0
9,PAYMENT,14655.99,C1831755445,0.0,0.0,M1947556184,0.0,0.0,0,0
8,PAYMENT,299.61,C839508958,104731.0,104431.39,M225719336,0.0,0.0,0,0
9,CASH_OUT,49637.38,C1765130060,0.0,0.0,C1241128308,152159.4,201796.78,0,0
9,CASH_OUT,209245.44,C1700382878,12293.08,0.0,C1146577120,211979.93,712955.83,0,0
8,PAYMENT,457.36,C1895987545,3781.0,3323.64,M855715576,0.0,0.0,0,0
9,PAYMENT,4238.06,C27066228,0.0,0.0,M1149810974,0.0,0.0,0,0
9,PAYMENT,9055.09,C2002729378,0.0,0.0,M1223100639,0.0,0.0,0,0
1,PAYMENT,3295.19,C711197015,233633.0,230337.81,M1384454980,0.0,0.0,0,0
9,CASH_OUT,70499.1,C1875186998,167453.0,96953.9,C977763188,0.0,190572.78,0,0
8,PAYMENT,7576.53,C256771516,173727.4,166150.87,M1807685891,0.0,0.0,0,0
9,PAYMENT,1199.62,C307078313,0.0,0.0,M40064155,0.0,0.0,0,0
8,PAYMENT,2089.43,C647486243,3189.96,1100.53,M66823999,0.0,0.0,0,0
8,PAYMENT,19409.82,C1821915104,0.0,0.0,M1364597528,0.0,0.0,0,0
2,PAYMENT,8216.87,C185939155,90210.24,81993.37,M1014278669,0.0,0.0,0,0
8,CASH_OUT,163500.01,C1401779890,0.0,0.0,C2091209617,1027053.4,1178577.89,0,0
8,CASH_OUT,168663.26,C608264412,10724.0,0.0,C1531852312,74735.0,35927.41,0,0
8,PAYMENT,5331.5,C197533158,1708006.63,1702675.13,M1434359991,0.0,0.0,0,0
8,PAYMENT,7277.09,C252289691,24559.5,17282.41,M452691017,0.0,0.0,0,0
1,CASH_OUT,63807.17,C1822434669,0.0,0.0,C2083562754,558216.18,1186556.81,0,0
8,CASH_OUT,219129.65,C392721055,0.0,0.0,C1749476584,1567807.36,2294866.91,0,0
8,PAYMENT,1122.97,C193006994,24233.0,23110.03,M1572855883,0.0,0.0,0,0
8,PAYMENT,7978.06,C311178944,40510.0,32531.94,M884150907,0.0,0.0,0,0
7,CASH_OUT,132361.54,C598978484,0.0,0.0,C1750563752,160101.66,112275.31,0,0
8,PAYMENT,522.22,C1381895283,0.0,0.0,M2060825992,0.0,0.0,0,0
8,CASH_IN,274733.71,C1194532363,0.0,274733.71,C1774531247,26609.17,0.0,0,0
9,CASH_IN,83270.63,C356493834,10207.0,93477.63,C170503405,244844.09,161573.46,0,0
9,CASH_OUT,141193.77,C1813248740,0.0,0.0,C1428469551,986236.26,945015.31,0,0
7,PAYMENT,9569.06,C1806738220,593266.96,583697.9,M1990762490,0.0,0.0,0,0
9,CASH_OUT,289188.81,C1107729095,0.0,0.0,C90486891,4373458.82,5407172.77,0,0
8,CASH_OUT,27094.48,C1034818515,0.0,0.0,C1761291320,470920.19,571720.96,0,0
7,PAYMENT,20792.97,C1819869225,0.0,0.0,M1058716110,0.0,0.0,0,0
9,PAYMENT,413.07,C1032508313,741.0,327.93,M1869172178,0.0,0.0,0,0
2,PAYMENT,9145.05,C1927452108,6419.29,0.0,M203785427,0.0,0.0,0,0
9,PAYMENT,1196.25,C290149418,0.0,0.0,M397238294,0.0,0.0,0,0
7,PAYMENT,7342.09,C1016622598,5076.0,0.0,M2114190891,0.0,0.0,0,0
8,CASH_OUT,150791.71,C998480656,0.0,0.0,C1876351111,1329566.44,1785000.81,0,0
9,TRANSFER,460971.09,C453956762,0.0,0.0,C762570948,3980276.83,4441247.92,0,0
9,CASH_IN,3567.85,C1202427467,616327.0,619894.85,C1859482835,142986.0,139418.15,0,0
9,PAYMENT,3173.93,C1128842443,19900.0,16726.07,M49244177,0.0,0.0,0,0
4,PAYMENT,9030.55,C929066990,0.0,0.0,M869437194,0.0,0.0,0,0
9,PAYMENT,4223.32,C11089202,0.0,0.0,M754311266,0.0,0.0,0,0
9,CASH_OUT,382449.56,C1080941525,59563.0,0.0,C893875459,50031.0,432480.56,0,0
8,PAYMENT,6599.81,C336116711,61862.0,55262.19,M1825743873,0.0,0.0,0,0
8,PAYMENT,7659.65,C2032152463,10622.0,2962.35,M286446143,0.0,0.0,0,0
9,CASH_OUT,131574.23,C418415427,0.0,0.0,C358804045,654320.06,785894.29,0,0
9,CASH_OUT,222879.03,C302054858,0.0,0.0,C1778289781,668752.62,1995749.77,0,0
8,PAYMENT,12395.85,C1480825272,66042.0,53646.15,M1564034450,0.0,0.0,0,0
9,PAYMENT,11608.6,C1578126016,806.0,0.0,M366979805,0.0,0.0,0,0
8,PAYMENT,13762.24,C1405286515,1395723.32,1381961.08,M947223681,0.0,0.0,0,0
9,CASH_IN,180004.15,C494630934,6490.0,186494.15,C27164473,16669.9,0.0,0,0
1,PAYMENT,2618.76,C1068945248,21867.46,19248.7,M937277082,0.0,0.0,0,0
9,CASH_IN,75730.3,C810583964,2193084.65,2268814.95,C1674325401,303655.46,357220.79,0,0
8,CASH_OUT,213796.6,C849337422,33251.0,0.0,C1489275794,47609.62,120258.54,0,0
6,PAYMENT,25388.91,C181281800,0.0,0.0,M896786845,0.0,0.0,0,0
8,PAYMENT,17321.16,C461021993,68495.3,51174.14,M1139746695,0.0,0.0,0,0
8,PAYMENT,29971.24,C261950179,175886.84,145915.61,M1975005837,0.0,0.0,0,0
7,DEBIT,3622.92,C1854481463,70.0,0.0,C824899696,10125.0,0.0,0,0
8,PAYMENT,8541.61,C1180727042,58040.0,49498.39,M715302630,0.0,0.0,0,0
7,PAYMENT,3679.63,C1045909404,272.0,0.0,M1559928458,0.0,0.0,0,0
7,PAYMENT,1753.6,C1406019578,126242.52,124488.92,M2095807072,0.0,0.0,0,0
8,CASH_OUT,32436.72,C465044229,0.0,0.0,C980380973,696419.0,916866.6,0,0
8,CASH_OUT,322924.82,C927254094,0.0,0.0,C1477979030,10311437.96,11875848.5,0,0
9,PAYMENT,15793.76,C832260918,195778.1,179984.34,M157897616,0.0,0.0,0,0
8,CASH_OUT,225211.23,C962746543,95490.57,0.0,C343534938,318178.29,1048017.45,0,0
8,TRANSFER,262404.81,C1481350810,151.0,0.0,C1886938557,11056.79,273461.6,0,0
9,PAYMENT,18713.86,C1030195899,3387.0,0.0,M720288612,0.0,0.0,0,0
1,PAYMENT,3857.29,C1773336805,4455.25,597.96,M1664165134,0.0,0.0,0,0
6,TRANSFER,1566574.37,C132930221,0.0,0.0,C1255024717,8936293.93,10833791.0,0,0
8,CASH_IN,16068.46,C1819036880,829622.76,845691.23,C1261309973,166023.49,242599.71,0,0
9,CASH_OUT,130302.52,C1031335141,0.0,0.0,C420925675,452571.83,582874.35,0,0
9,TRANSFER,1348043.06,C270728057,14846.0,0.0,C542789007,16401.0,1980818.59,0,0
8,CASH_OUT,214815.96,C631277228,0.0,0.0,C1572600325,407380.0,866993.4,0,0
9,CASH_OUT,321811.81,C545327376,0.0,0.0,C1683741102,342847.94,664659.75,0,0
8,PAYMENT,7233.59,C298870094,18522.34,11288.75,M2105068287,0.0,0.0,0,0
8,PAYMENT,4369.78,C2116310245,90363.0,85993.22,M797834724,0.0,0.0,0,0
9,CASH_OUT,7974.11,C1208112133,0.0,0.0,C1395746279,2728540.46,1777023.56,0,0
9,PAYMENT,10024.22,C1018553900,0.0,0.0,M368395246,0.0,0.0,0,0
9,PAYMENT,29403.61,C568042929,278668.69,249265.08,M323123609,0.0,0.0,0,0
5,PAYMENT,247.56,C677705863,105861.0,105613.44,M1258801872,0.0,0.0,0,0
9,CASH_IN,82719.53,C483745230,1639955.55,1722675.08,C2009468024,321325.11,0.0,0,0
9,CASH_OUT,108450.68,C1650256654,10505.0,0.0,C1794068152,0.0,108450.68,0,0
6,PAYMENT,501.27,C222122132,214.0,0.0,M326190931,0.0,0.0,0,0
8,PAYMENT,12371.0,C1930598663,256541.78,244170.77,M1604293868,0.0,0.0,0,0
7,PAYMENT,8694.36,C1259606763,7495.0,0.0,M2131518213,0.0,0.0,0,0
8,PAYMENT,16434.28,C268081007,19907.0,3472.72,M51647334,0.0,0.0,0,0
8,CASH_IN,78477.98,C1471915246,1983071.99,2061549.96,C716442925,109286.31,4271358.73,0,0
9,CASH_IN,81036.39,C2066354408,3819634.73,3900671.12,C1788961047,738382.4,1519100.1,0,0
8,CASH_IN,7871.14,C210817933,7913367.28,7921238.42,C1781548235,39412.38,31541.24,0,0
9,TRANSFER,430201.15,C114743696,0.0,0.0,C1623014027,1040424.41,1470625.56,0,0
9,PAYMENT,18939.68,C1137360781,60915.0,41975.32,M1730533378,0.0,0.0,0,0
8,PAYMENT,1142.85,C127277290,333.0,0.0,M609195474,0.0,0.0,0,0
9,CASH_OUT,4091.07,C124205747,0.0,0.0,C1796064354,1278489.25,1981418.33,0,0
7,CASH_OUT,3387.85,C1242647123,20869.68,17481.83,C451433836,16148.0,0.0,0,0
7,CASH_IN,113473.1,C948581756,486367.32,599840.42,C1016689071,510797.8,1024005.37,0,0
9,CASH_OUT,220164.57,C954791100,21312.0,0.0,C680034596,65854.43,396323.63,0,0
8,CASH_OUT,125831.54,C480275528,1793.0,0.0,C501402989,45739.0,171570.54,0,0
8,CASH_OUT,1996.17,C858959216,1996.17,0.0,C864078397,2559.74,4555.92,1,0
9,PAYMENT,22423.89,C807180498,95816.0,73392.11,M1106997201,0.0,0.0,0,0
8,CASH_OUT,170790.24,C1330684532,0.0,0.0,C1207946845,1292893.18,1079004.45,0,0
8,CASH_OUT,14939.86,C1605449215,0.0,0.0,C1383942363,16705.17,206937.71,0,0
9,PAYMENT,3122.43,C1704845763,0.0,0.0,M506377779,0.0,0.0,0,0
8,CASH_OUT,87159.93,C386789869,421.0,0.0,C1210315704,110074.77,197750.5,0,0
9,CASH_OUT,38388.9,C1675562886,11076.06,0.0,C631524784,74910.0,246622.54,0,0
8,PAYMENT,3604.76,C606104661,23560.0,19955.24,M1783999682,0.0,0.0,0,0
8,CASH_IN,68202.69,C1539505595,1975108.02,2043310.71,C1161865950,2076683.64,3537102.05,0,0
8,CASH_OUT,183069.39,C673705329,18602.19,0.0,C2102549317,328374.32,1512042.27,0,0
8,PAYMENT,4969.15,C357503647,1758499.06,1753529.91,M1627562078,0.0,0.0,0,0
8,CASH_OUT,141362.28,C1163983068,0.0,0.0,C1340904400,245252.34,0.0,0,0
8,CASH_IN,87478.11,C1720131425,61276.0,148754.11,C1470166690,1030.0,0.0,0,0
8,TRANSFER,74837.0,C530840576,41280.48,0.0,C1807010830,261025.15,335862.15,0,0
8,TRANSFER,737202.5,C1598758920,0.0,0.0,C1552859894,3407148.86,10269973.47,0,0
9,CASH_OUT,133309.91,C1369361652,449.0,0.0,C814408370,6046.0,149418.8,0,0
8,PAYMENT,16840.26,C1570602757,91912.0,75071.74,M1934117158,0.0,0.0,0,0
6,CASH_IN,3732.98,C2115589111,8571339.41,8575072.39,C864078397,6292.72,2559.74,0,0
9,PAYMENT,21739.19,C218520211,53446.0,31706.81,M409631917,0.0,0.0,0,0
8,CASH_OUT,103556.89,C1996899491,119278.0,15721.11,C1825389809,1034120.48,1077837.29,0,0
9,CASH_OUT,292384.49,C1411555753,113378.0,0.0,C1216911343,374416.65,666801.13,0,0
8,PAYMENT,6496.19,C619279129,90370.0,83873.81,M1528948912,0.0,0.0,0,0
8,PAYMENT,11002.89,C526401834,24672.0,13669.11,M1034417982,0.0,0.0,0,0
9,CASH_OUT,43764.12,C1787095702,0.0,0.0,C348708793,1164655.76,1208419.88,0,0
9,TRANSFER,839821.92,C958840374,0.0,0.0,C1437132715,1043713.35,1883535.27,0,0
8,CASH_OUT,156131.17,C529771231,2645.0,0.0,C646183851,330574.93,486706.11,0,0
8,CASH_IN,312589.37,C1271147088,0.0,312589.37,C1742506664,431182.44,118593.07,0,0
8,PAYMENT,13013.44,C642187501,51.0,0.0,M1853776059,0.0,0.0,0,0
9,CASH_OUT,114877.2,C1285235346,0.0,0.0,C955097010,391332.7,867545.64,0,0
8,TRANSFER,470901.39,C55576559,0.0,0.0,C556281798,2620017.11,3058525.01,0,0
2,DEBIT,4215.24,C2078237101,17183.0,12967.76,C1916720513,6790591.7,6235766.54,0,0
9,CASH_OUT,255962.29,C448032667,194333.76,0.0,C505528357,1431539.92,3707964.69,0,0
9,PAYMENT,17738.83,C1137840758,0.0,0.0,M438350316,0.0,0.0,0,0
8,PAYMENT,7818.84,C1830204207,28980.0,21161.16,M1328095373,0.0,0.0,0,0
9,PAYMENT,7405.24,C1401141142,90621.0,83215.76,M1986271092,0.0,0.0,0,0
8,PAYMENT,16425.44,C61133485,100554.0,84128.56,M1059658183,0.0,0.0,0,0
9,PAYMENT,27990.54,C1506551039,0.0,0.0,M1344307270,0.0,0.0,0,0
9,PAYMENT,11560.36,C1850508413,40763.0,29202.64,M1863025667,0.0,0.0,0,0
7,PAYMENT,1023.05,C349810210,0.0,0.0,M367559104,0.0,0.0,0,0
8,PAYMENT,1688.07,C490216598,3021.0,1332.93,M1941686681,0.0,0.0,0,0
9,CASH_IN,392268.14,C269107984,21192.0,413460.14,C1401721023,1582411.84,1190143.7,0,0
8,PAYMENT,3104.33,C1944855458,20590.0,17485.67,M1984356313,0.0,0.0,0,0
9,CASH_IN,40923.09,C1512336594,6130951.17,6171874.26,C2114147305,110292.2,69369.11,0,0
8,CASH_OUT,257730.73,C1980761237,0.0,0.0,C2006081398,3164429.32,4743010.67,0,0
9,CASH_OUT,34371.6,C2018099683,0.0,0.0,C363330984,667093.53,1383628.36,0,0
8,PAYMENT,15621.64,C718494879,0.0,0.0,M1259891861,0.0,0.0,0,0
4,PAYMENT,307.75,C1243800791,149069.0,148761.25,M227030447,0.0,0.0,0,0
9,CASH_IN,511504.13,C2030806232,297206.98,808711.11,C265845794,3446013.41,2934509.28,0,0
8,PAYMENT,44273.41,C1514018399,0.0,0.0,M1322047461,0.0,0.0,0,0
9,CASH_IN,6168.28,C1261471133,16212.0,22380.28,C632283006,304726.46,412976.61,0,0
8,PAYMENT,1354.96,C126818080,49794.0,48439.04,M545716076,0.0,0.0,0,0
9,CASH_IN,816.88,C151081549,3970060.29,3970877.17,C932796396,6675594.21,6705813.49,0,0
7,PAYMENT,16591.59,C734695739,7076.0,0.0,M1658678197,0.0,0.0,0,0
9,CASH_IN,197893.18,C1895709009,7183830.48,7381723.66,C1496845040,1037337.12,683973.73,0,0
1,PAYMENT,7550.29,C799260198,0.0,0.0,M1116197959,0.0,0.0,0,0
9,TRANSFER,1470533.72,C478926454,86.0,0.0,C1838303932,37544.0,1508077.72,0,0
6,PAYMENT,8545.54,C1242315432,20189.12,11643.58,M892626202,0.0,0.0,0,0
9,PAYMENT,10765.01,C1168086463,36007.43,25242.42,M368262171,0.0,0.0,0,0
8,PAYMENT,6966.49,C1285331665,39741.0,32774.51,M1793149121,0.0,0.0,0,0
1,TRANSFER,601898.44,C1939869193,32239.0,0.0,C2063763486,0.0,601898.44,0,0
1,PAYMENT,20560.86,C429058804,0.0,0.0,M259319861,0.0,0.0,0,0
9,PAYMENT,22179.41,C1223419648,118536.47,96357.05,M1466729476,0.0,0.0,0,0
9,CASH_OUT,15473.4,C1570071061,27217.54,11744.14,C2092205730,11189.0,256320.61,0,0
8,CASH_IN,85272.45,C160727438,12482462.85,12567735.29,C1137520422,178787.44,93514.99,0,0
8,PAYMENT,6545.11,C1639578017,0.0,0.0,M1704857178,0.0,0.0,0,0
8,PAYMENT,696.58,C1091008091,46217.0,45520.42,M1021385973,0.0,0.0,0,0
9,CASH_OUT,215254.22,C1863672935,0.0,0.0,C657255537,1996818.56,2008096.7,0,0
8,PAYMENT,1098.52,C1305035964,0.0,0.0,M671194471,0.0,0.0,0,0
8,CASH_OUT,60407.41,C930195676,1780.0,0.0,C1261329785,21563.0,0.0,0,0
8,PAYMENT,21313.56,C1537204605,35903.54,14589.98,M1257695233,0.0,0.0,0,0
7,PAYMENT,10751.83,C888721120,731888.38,721136.55,M433502988,0.0,0.0,0,0
8,TRANSFER,1954359.42,C1545695174,1836964.18,0.0,C193625667,2526131.0,4480490.42,0,0
9,CASH_OUT,149733.53,C121302602,103.0,0.0,C1663165083,415234.36,564967.89,0,0
7,CASH_IN,60400.19,C2011676304,6568.73,66968.92,C861958315,349837.98,531628.29,0,0
7,TRANSFER,576852.15,C1126540006,164289.0,0.0,C668345982,0.0,879599.54,0,0
9,CASH_IN,22968.44,C1858497307,27165.0,50133.44,C1547931020,0.0,0.0,0,0
1,CASH_OUT,503333.79,C1640612861,0.0,0.0,C985934102,553161.42,971418.91,0,0
8,PAYMENT,10511.26,C2002522179,7763.0,0.0,M581593915,0.0,0.0,0,0
8,CASH_IN,174422.56,C566977253,10811390.05,10985812.61,C668345982,567586.38,879599.54,0,0
7,CASH_OUT,97919.82,C987234822,0.0,0.0,C306206744,6778202.0,7329355.45,0,0
8,PAYMENT,14420.57,C1744942336,484.0,0.0,M1940139472,0.0,0.0,0,0
5,TRANSFER,40975.4,C1307525827,51859.0,10883.6,C1458849419,0.0,43040.57,0,0
9,PAYMENT,7503.84,C1205149357,4215.0,0.0,M2049432886,0.0,0.0,0,0
9,PAYMENT,8849.25,C2105707448,0.0,0.0,M1818351321,0.0,0.0,0,0
7,TRANSFER,804308.42,C923032710,14550.0,0.0,C366015139,94651.0,4555236.24,0,0
6,PAYMENT,2740.41,C62759408,17261.0,14520.59,M571598641,0.0,0.0,0,0
8,CASH_IN,241729.86,C25069742,5491573.07,5733302.93,C1410669831,494122.36,252392.49,0,0
7,CASH_OUT,35426.93,C1770391569,0.0,0.0,C384887832,136361.92,157993.5,0,0
8,PAYMENT,7095.01,C943183130,9134.0,2038.99,M1412743565,0.0,0.0,0,0
2,CASH_IN,98104.83,C73878928,5075568.98,5173673.81,C1076835071,487496.88,267912.2,0,0
8,PAYMENT,12911.78,C1349966375,83713.38,70801.6,M1707097883,0.0,0.0,0,0
8,PAYMENT,16847.28,C1702576591,0.0,0.0,M1660780699,0.0,0.0,0,0
3,PAYMENT,3067.08,C299395997,1077.0,0.0,M115139998,0.0,0.0,0,0
8,PAYMENT,19307.96,C2005657911,0.0,0.0,M1653788770,0.0,0.0,0,0
3,CASH_OUT,22877.0,C2126545173,22877.0,0.0,C573200870,0.0,22877.0,1,0
9,PAYMENT,17534.59,C246692747,0.0,0.0,M1588501683,0.0,0.0,0,0
8,CASH_OUT,182709.7,C1400802531,10954.59,0.0,C1337741679,4176435.55,4670415.04,0,0
9,PAYMENT,8052.07,C232410892,34198.0,26145.93,M1713894721,0.0,0.0,0,0
9,CASH_OUT,464160.17,C598841178,87645.0,0.0,C756411326,11305.0,475465.17,0,0
8,PAYMENT,2134.72,C16042621,0.0,0.0,M929344670,0.0,0.0,0,0
5,PAYMENT,9452.85,C569707820,0.0,0.0,M146540182,0.0,0.0,0,0
9,PAYMENT,6560.63,C1081555634,191934.07,185373.43,M404583407,0.0,0.0,0,0
9,PAYMENT,1495.38,C596082240,56.0,0.0,M1570908729,0.0,0.0,0,0
9,CASH_OUT,200004.17,C1523197852,59687.0,0.0,C893038039,0.0,200004.17,0,0
8,CASH_OUT,175058.98,C1923473655,308613.0,133554.02,C810576909,0.0,175058.98,0,0
9,CASH_OUT,450057.95,C94249545,8327.36,0.0,C1062254208,1213288.79,2049577.33,0,0
9,CASH_OUT,500313.79,C615711782,461149.69,0.0,C2034160388,640839.92,1141153.71,0,0
1,CASH_OUT,219630.79,C602830277,19779.08,0.0,C2118255842,29186.69,248817.48,0,0
1,PAYMENT,15646.06,C1037572328,0.0,0.0,M1286868539,0.0,0.0,0,0
8,PAYMENT,981.58,C2063919629,0.0,0.0,M1080084478,0.0,0.0,0,0
8,PAYMENT,11390.63,C1508753895,70682.0,59291.37,M1265745410,0.0,0.0,0,0
9,PAYMENT,9180.97,C1933214219,0.0,0.0,M299493526,0.0,0.0,0,0
8,CASH_OUT,496197.57,C1039706086,1722609.52,1226411.95,C937195105,1256403.17,1372628.46,0,0
8,CASH_OUT,94817.61,C179037306,53008.0,0.0,C2044792756,2243.01,97060.62,0,0
8,CASH_IN,263098.81,C799643696,8014712.86,8277811.67,C118648358,512895.89,948711.06,0,0
8,PAYMENT,5862.19,C1502569873,63917.0,58054.81,M1155443420,0.0,0.0,0,0
7,TRANSFER,104225.08,C1682037548,10107.0,0.0,C292665982,109367.96,183517.82,0,0
8,PAYMENT,547.68,C1513440785,0.0,0.0,M747009327,0.0,0.0,0,0
8,CASH_IN,653924.3,C490456975,4461363.17,5115287.46,C1298177219,1813504.67,1618631.97,0,0
9,CASH_IN,25747.54,C1608914763,7534121.94,7559869.47,C554525101,139022.67,225621.56,0,0
8,CASH_OUT,426830.03,C548236749,36799.34,0.0,C248609774,11784544.0,13033871.02,0,0
8,PAYMENT,6361.62,C2000531543,78379.0,72017.38,M469645659,0.0,0.0,0,0
8,CASH_OUT,124680.52,C2004614786,0.0,0.0,C713987035,1300090.87,1284003.82,0,0
7,PAYMENT,18355.13,C810103755,21066.0,2710.87,M2051119589,0.0,0.0,0,0
8,CASH_OUT,44602.27,C381979994,0.0,0.0,C2127862399,1343593.02,1388195.29,0,0
1,TRANSFER,79386.85,C442205321,0.0,0.0,C997608398,424841.44,157982.12,0,0
3,PAYMENT,2108.36,C1677115089,0.0,0.0,M2130242983,0.0,0.0,0,0
8,TRANSFER,912795.71,C861974910,188.0,0.0,C713987035,5868.6,1284003.82,0,0
9,CASH_IN,182964.66,C1294900925,0.0,182964.66,C2147195354,812724.65,629759.99,0,0
7,PAYMENT,341.07,C300573837,788.0,446.93,M296556077,0.0,0.0,0,0
8,CASH_IN,69153.7,C570766259,4372674.61,4441828.31,C1196694338,432034.07,212911.64,0,0
9,CASH_OUT,53686.12,C663072433,0.0,0.0,C1048923726,117261.43,0.0,0,0
9,CASH_IN,110721.83,C2127082439,6660798.09,6771519.93,C303888116,423886.7,382665.98,0,0
8,PAYMENT,1101.35,C1492693174,5187.0,4085.65,M1051888468,0.0,0.0,0,0
8,CASH_OUT,121305.39,C552982521,203787.28,82481.9,C2063763486,328501.97,610701.41,0,0
1,CASH_IN,6284.18,C864326906,7858787.73,7865071.9,C1749186397,328727.16,277515.05,0,0
9,TRANSFER,1958099.79,C1706449883,40147.0,0.0,C1464009366,711.0,1958810.79,0,0
9,CASH_IN,278491.44,C466295906,6757623.47,7036114.91,C990662375,337394.95,58903.51,0,0
9,PAYMENT,10439.95,C947560435,49601.0,39161.05,M503322184,0.0,0.0,0,0
8,CASH_OUT,158713.04,C1477827324,0.0,0.0,C1411451832,225586.03,338307.14,0,0
7,PAYMENT,5123.99,C623950582,16936.0,11812.01,M511154139,0.0,0.0,0,0
3,PAYMENT,3198.62,C1858863803,0.0,0.0,M831993944,0.0,0.0,0,0
7,CASH_OUT,43721.63,C165851545,0.0,0.0,C1636786811,6735578.65,6779300.28,0,0
9,CASH_IN,26552.17,C743239332,7130987.17,7157539.34,C1346667529,562476.24,535924.07,0,0
7,PAYMENT,3731.11,C374632122,16121.0,12389.89,M336043742,0.0,0.0,0,0
7,CASH_IN,384284.83,C380860751,1267644.81,1651929.64,C1816757085,10187847.95,14048634.13,0,0
8,PAYMENT,4712.94,C2052454170,0.0,0.0,M1503598474,0.0,0.0,0,0
8,PAYMENT,15361.79,C1911953007,100456.0,85094.21,M49624919,0.0,0.0,0,0
8,PAYMENT,1112.85,C498884558,0.0,0.0,M124040338,0.0,0.0,0,0
1,CASH_OUT,101940.14,C1393828949,0.0,0.0,C357863579,105362.0,92307.65,0,0
1,PAYMENT,7813.63,C883521348,21084.94,13271.31,M1115013644,0.0,0.0,0,0
9,TRANSFER,1031366.36,C971864348,1870.41,0.0,C931482420,85467.48,1334502.07,0,0
9,PAYMENT,9877.34,C1998169541,5077.0,0.0,M472638896,0.0,0.0,0,0
9,CASH_IN,115960.87,C571091641,1671223.54,1787184.41,C1337741679,4920413.17,4686899.27,0,0
7,CASH_IN,52111.12,C1567380071,6730442.42,6782553.54,C1305830291,215797.27,1653198.69,0,0
8,CASH_OUT,318427.94,C1823222792,198.0,0.0,C1411451832,2571.0,225586.03,0,0
1,TRANSFER,176127.45,C886343183,0.0,0.0,C1401316767,407298.23,61151.23,0,0
8,CASH_OUT,426604.31,C277451921,7646.0,0.0,C343069183,23900.0,0.0,0,0
9,PAYMENT,12285.88,C90174184,283393.0,271107.12,M913344471,0.0,0.0,0,0
9,CASH_IN,177486.32,C262785400,7395734.75,7573221.07,C1957884855,4524151.41,4901871.51,0,0
9,CASH_OUT,442196.95,C90759395,73363.96,0.0,C503485607,737331.26,891994.29,0,0
9,CASH_IN,68131.52,C908269886,16628.0,84759.52,C72565662,0.0,44665.19,0,0
8,PAYMENT,13685.39,C252729072,8090.0,0.0,M409559965,0.0,0.0,0,0
9,PAYMENT,12021.15,C1146043373,255803.0,243781.85,M1202043992,0.0,0.0,0,0
8,PAYMENT,8674.95,C836000853,738502.41,729827.47,M89065837,0.0,0.0,0,0
9,CASH_IN,375173.86,C891122699,3071.0,378244.86,C1706891711,0.0,0.0,0,0
9,TRANSFER,1751803.52,C909676929,0.0,0.0,C1825775199,10778498.8,15065192.64,0,0
7,CASH_IN,167569.88,C231744985,5709425.08,5876994.96,C878506901,382366.42,141644.5,0,0
8,CASH_OUT,140279.83,C1686519073,0.0,0.0,C524804429,578388.9,1353412.68,0,0
8,TRANSFER,380592.28,C1716711821,2085.3,0.0,C1927159174,989810.96,762973.35,0,0
9,CASH_IN,132392.04,C1414476779,2521603.67,2653995.71,C1379031360,7510571.54,8522231.7,0,0
8,CASH_IN,145190.81,C2026966531,96340.0,241530.81,C37979906,0.0,0.0,0,0
8,PAYMENT,6077.54,C468751349,34357.0,28279.46,M824741884,0.0,0.0,0,0
9,CASH_OUT,150614.88,C908873441,0.0,0.0,C1400804351,31508.0,0.0,0,0
9,CASH_OUT,155330.38,C676631074,0.0,0.0,C10550299,620397.0,1058143.76,0,0
8,CASH_OUT,57759.41,C148185704,0.0,0.0,C1679546686,320863.12,506581.24,0,0
9,CASH_OUT,120997.2,C1406418838,0.0,0.0,C1638313098,1877592.21,1998589.4,0,0
2,PAYMENT,3489.41,C1686965869,333.0,0.0,M2045143855,0.0,0.0,0,0
8,CASH_IN,100943.75,C2141462925,1271411.36,1372355.11,C1738994372,208294.73,118893.05,0,0
8,CASH_OUT,145138.11,C2057174572,5044.0,0.0,C1210879412,0.0,145138.11,0,0
8,PAYMENT,22239.48,C1420413752,0.0,0.0,M925961827,0.0,0.0,0,0
9,CASH_OUT,410523.31,C1491108434,85582.06,0.0,C2025898903,100.0,410623.31,0,0
7,PAYMENT,10075.84,C120050970,161153.0,151077.16,M1460208573,0.0,0.0,0,0
9,CASH_OUT,23302.93,C1833038083,0.0,0.0,C2045435399,113513.78,0.0,0,0
9,CASH_IN,203040.69,C1332088270,1004614.22,1207654.9,C1510452783,642436.19,439395.5,0,0
9,CASH_OUT,201747.5,C1075606529,15180.0,0.0,C565687173,179127.0,387878.28,0,0
1,PAYMENT,9479.66,C1314228008,32987.88,23508.22,M1590481849,0.0,0.0,0,0
8,PAYMENT,14849.51,C1189662124,102462.0,87612.49,M778725186,0.0,0.0,0,0
8,PAYMENT,11645.48,C219250312,1003.0,0.0,M1762249739,0.0,0.0,0,0
6,PAYMENT,7131.82,C1891383964,0.0,0.0,M1998372115,0.0,0.0,0,0
7,CASH_OUT,161789.69,C32936035,0.0,0.0,C1501701470,350885.62,4463342.32,0,0
1,CASH_IN,15069.79,C310412574,8135262.14,8150331.93,C284686302,17082.91,1229.81,0,0
8,CASH_OUT,313191.92,C777890681,0.0,0.0,C1515979807,11631660.98,12141425.39,0,0
9,CASH_IN,215871.09,C1143143890,19946.0,235817.09,C1158329668,0.0,0.0,0,0
7,TRANSFER,997659.79,C47110095,0.0,0.0,C1477979030,9388868.97,10780596.35,0,0
1,PAYMENT,16265.77,C1971283804,0.0,0.0,M639105046,0.0,0.0,0,0
7,CASH_IN,29898.01,C945276373,7189490.46,7219388.47,C43924520,121521.0,47958.66,0,0
8,PAYMENT,36800.63,C1948078069,0.0,0.0,M1792490977,0.0,0.0,0,0
8,CASH_OUT,15633.43,C2038826599,0.0,0.0,C1075564985,21166.0,6399876.57,0,0
8,CASH_OUT,156578.79,C503846388,43233.0,0.0,C2067466390,66569.4,1178249.03,0,0
8,CASH_IN,353894.98,C2132917061,1702658.76,2056553.74,C1643855278,9680855.68,9265111.27,0,0
7,CASH_OUT,8826.61,C1078426962,0.0,0.0,C672137778,40367.0,42950.32,0,0
8,PAYMENT,836.53,C371155875,6968438.7,6967602.17,M648461839,0.0,0.0,0,0
9,PAYMENT,2353.31,C318957806,258.0,0.0,M291623113,0.0,0.0,0,0
7,PAYMENT,11122.42,C583098044,11393.0,270.58,M1163635407,0.0,0.0,0,0
9,CASH_OUT,125720.4,C1276884822,0.0,0.0,C529351377,2531425.02,2657145.41,0,0
8,PAYMENT,12550.45,C1078494153,6091.33,0.0,M1572128449,0.0,0.0,0,0
9,CASH_OUT,307207.78,C826184685,78933.0,0.0,C517260201,31657.0,280561.45,0,0
8,CASH_IN,81886.67,C1102196009,2744862.6,2826749.27,C365212068,3015544.04,3805747.48,0,0
8,CASH_IN,53181.57,C1187622174,2729292.49,2782474.06,C1136811657,114389.67,57238.59,0,0
6,CASH_IN,182972.5,C784934449,1941839.95,2124812.45,C716083600,1735094.17,1848371.68,0,0
8,CASH_OUT,20140.57,C435862158,0.0,0.0,C471293240,117456.0,0.0,0,0
8,CASH_OUT,31900.57,C764501728,0.0,0.0,C794295331,447771.18,864926.37,0,0
8,PAYMENT,3586.8,C2115998891,593364.0,589777.2,M238321186,0.0,0.0,0,0
7,TRANSFER,307058.55,C200028247,92809.0,0.0,C1137422246,41640.8,60079.51,0,0
9,TRANSFER,76629.36,C1655046171,0.0,0.0,C1584119395,455786.87,532416.22,0,0
1,PAYMENT,6980.56,C552416003,718114.28,711133.71,M987489551,0.0,0.0,0,0
9,TRANSFER,1288244.92,C1943471809,353927.86,0.0,C1734283234,95748.05,1383992.97,0,0
6,CASH_OUT,100729.18,C1479645341,0.0,0.0,C146305349,204669.46,305398.63,0,0
8,CASH_IN,112296.98,C1171475932,21464.0,133760.98,C98474301,453.0,0.0,0,0
8,PAYMENT,7932.87,C1581300717,42372.0,34439.13,M923732631,0.0,0.0,0,0
9,CASH_OUT,10812.47,C899889006,193.0,0.0,C1531623971,85202.27,0.0,0,0
8,CASH_OUT,208319.42,C1363233249,1034.0,0.0,C1757533511,7411.53,1472554.74,0,0
9,CASH_IN,64645.9,C1664204145,3135834.01,3200479.91,C1420356843,803808.0,739162.1,0,0
8,CASH_IN,70565.62,C1561782291,10812.0,81377.62,C1163619825,0.0,0.0,0,0
9,PAYMENT,13005.86,C1407804644,175.0,0.0,M2017594068,0.0,0.0,0,0
1,PAYMENT,1203.13,C1844579038,0.0,0.0,M1337655323,0.0,0.0,0,0
8,CASH_IN,53124.32,C755323075,215139.0,268263.32,C409821235,0.0,0.0,0,0
9,PAYMENT,15483.01,C1204997888,0.0,0.0,M797909439,0.0,0.0,0,0
8,PAYMENT,16970.87,C2059198495,74134.0,57163.13,M90422303,0.0,0.0,0,0
9,CASH_OUT,37562.14,C495782178,0.0,0.0,C505366143,1424063.03,1434663.18,0,0
8,PAYMENT,296.92,C353284837,5070.28,4773.36,M1631832255,0.0,0.0,0,0
8,CASH_OUT,360004.0,C1299456053,4343.0,0.0,C745740822,0.0,36350.43,0,0
9,CASH_OUT,264393.7,C1910171283,103922.89,0.0,C1177546771,123324.53,286487.78,0,0
9,PAYMENT,1133.06,C1210454182,0.0,0.0,M125469278,0.0,0.0,0,0
8,PAYMENT,24475.36,C20671702,675163.46,650688.09,M279036048,0.0,0.0,0,0
8,CASH_OUT,25851.4,C976763806,106890.0,81038.6,C1360913629,104533.82,7313.81,0,0
8,CASH_IN,313374.41,C209115252,146372.0,459746.41,C2070626006,0.0,0.0,0,0
6,TRANSFER,356511.88,C542135392,41186.0,0.0,C1100767002,7289.2,148304.02,0,0
9,PAYMENT,2964.9,C1730494511,720076.22,717111.33,M788702095,0.0,0.0,0,0
7,CASH_OUT,56543.95,C821380386,0.0,0.0,C1357984916,82357.0,138900.95,0,0
1,PAYMENT,5437.85,C1522119751,13306.1,7868.25,M1995505717,0.0,0.0,0,0
7,PAYMENT,180.77,C774445922,104.0,0.0,M1665203643,0.0,0.0,0,0
7,CASH_OUT,23134.52,C964854575,0.0,0.0,C1281898359,50210.0,0.0,0,0
9,PAYMENT,1230.31,C282178903,0.0,0.0,M1501592139,0.0,0.0,0,0
7,CASH_OUT,14942.57,C1503697447,0.0,0.0,C459172227,1162464.63,2591462.11,0,0
7,CASH_IN,159441.76,C1817497820,12981.57,172423.33,C187019413,231527.47,72085.7,0,0
6,PAYMENT,9517.37,C1294248741,20755.0,11237.63,M341778327,0.0,0.0,0,0
9,TRANSFER,303505.81,C2084509723,0.0,0.0,C1188916648,10032260.16,10053886.97,0,0
8,CASH_IN,84122.9,C1376209974,1811632.06,1895754.95,C1949097464,100422.0,16299.1,0,0
9,PAYMENT,12803.54,C1443133624,145691.44,132887.9,M1910145366,0.0,0.0,0,0
7,TRANSFER,178365.22,C851538298,0.0,0.0,C2086207545,249860.01,202129.37,0,0
8,PAYMENT,14690.15,C598728266,4.0,0.0,M261414157,0.0,0.0,0,0
8,CASH_IN,128290.43,C1711455859,2281496.35,2409786.78,C1377194794,2994347.41,5272970.8,0,0
8,CASH_IN,239158.56,C375943904,20940.0,260098.56,C1647809929,0.0,881217.38,0,0
8,PAYMENT,8500.19,C496950189,8968.8,468.61,M472464874,0.0,0.0,0,0
3,PAYMENT,2210.24,C867909510,176767.01,174556.77,M26502020,0.0,0.0,0,0
8,CASH_OUT,176815.3,C1399962192,0.0,0.0,C266912553,1805460.61,2580927.41,0,0
7,PAYMENT,12011.82,C622906122,105365.0,93353.18,M1869942250,0.0,0.0,0,0
7,CASH_OUT,50575.73,C346413038,19972.0,0.0,C1790598448,0.0,50575.73,0,0
9,PAYMENT,4772.83,C194795902,21378.0,16605.17,M2070905478,0.0,0.0,0,0
8,CASH_OUT,220227.26,C1831256980,0.0,0.0,C1340123681,824371.62,1207749.09,0,0
7,CASH_IN,170483.99,C964385581,4208785.95,4379269.94,C1234059684,530392.72,588891.42,0,0
8,PAYMENT,4299.33,C658184578,155477.0,151177.67,M1570234573,0.0,0.0,0,0
7,CASH_IN,19451.29,C647516144,117579.0,137030.29,C934651164,0.0,0.0,0,0
9,CASH_OUT,2714.84,C1187112998,60141.71,57426.87,C701252816,75487.98,212941.97,0,0
9,PAYMENT,1334.24,C1418007884,24419.0,23084.76,M852689963,0.0,0.0,0,0
9,CASH_OUT,211104.38,C1603797881,0.0,0.0,C1968340619,304720.0,162339.32,0,0
9,CASH_OUT,51623.16,C1118585252,0.0,0.0,C2127455624,183925.0,661078.23,0,0
9,CASH_OUT,97769.73,C1358883848,51352.0,0.0,C1623014027,942654.68,1470625.56,0,0
9,CASH_OUT,146041.51,C1673977500,0.0,0.0,C1192983708,229162.21,343616.38,0,0
9,CASH_IN,235804.93,C605906258,10792.0,246596.93,C1619402333,9294365.63,9535490.23,0,0
9,PAYMENT,3520.26,C1781516950,0.0,0.0,M1797596991,0.0,0.0,0,0
8,PAYMENT,2374.25,C936132260,361443.33,359069.08,M1296054097,0.0,0.0,0,0
6,CASH_IN,243542.61,C478238740,1931765.07,2175307.69,C1590550415,17621800.82,17811814.09,0,0
8,PAYMENT,6228.63,C578302925,0.0,0.0,M1968263729,0.0,0.0,0,0
8,PAYMENT,4695.02,C368407145,10461.0,5765.98,M1592919391,0.0,0.0,0,0
3,CASH_IN,76284.92,C152937115,1878334.38,1954619.3,C481402298,693773.32,617488.4,0,0
9,CASH_OUT,203380.77,C72527447,0.0,0.0,C1385126783,300895.68,504276.45,0,0
9,PAYMENT,13353.45,C326605557,5016.0,0.0,M760255958,0.0,0.0,0,0
1,CASH_IN,6287.28,C1765702,4817829.42,4824116.71,C1651855867,11274.0,0.0,0,0
9,TRANSFER,651038.14,C1917268480,263541.72,0.0,C1802632685,3969366.72,5367945.86,0,0
8,CASH_OUT,128971.77,C1494835731,0.0,0.0,C634440506,1536798.53,2310987.68,0,0
9,CASH_IN,64721.3,C1775511501,186.0,64907.3,C1971951800,839335.54,1270826.73,0,0
9,CASH_OUT,14348.92,C1525108600,297084.0,282735.08,C2027980651,14781.0,483611.73,0,0
1,TRANSFER,522264.81,C1927963027,24.0,0.0,C1234776885,11361.0,2025098.66,0,0
1,DEBIT,5297.36,C2064883371,82134.0,76836.64,C655381473,31443.78,189534.74,0,0
8,CASH_IN,77218.55,C1997761779,8282490.77,8359709.32,C526035976,736677.89,404380.68,0,0
8,CASH_OUT,33900.52,C867346138,21316.87,0.0,C1543398879,22049.0,0.0,0,0
6,PAYMENT,11701.16,C1570606662,0.0,0.0,M1829377218,0.0,0.0,0,0
7,PAYMENT,9589.0,C1162833093,23087.0,13498.0,M961994506,0.0,0.0,0,0
8,PAYMENT,4417.47,C1785414896,416583.85,412166.37,M50159398,0.0,0.0,0,0
8,CASH_OUT,415094.57,C817905604,0.0,0.0,C874023329,3124482.7,3539577.27,0,0
9,CASH_OUT,285867.82,C341056055,29797.0,0.0,C1588635270,164962.39,376033.34,0,0
8,CASH_OUT,8432.96,C184738806,7351.0,0.0,C1545121117,52466.71,60899.67,0,0
9,CASH_OUT,17736.49,C941899056,149.0,0.0,C1814361629,18684.78,36421.27,0,0
8,CASH_OUT,257676.56,C436889639,0.0,0.0,C580441921,443510.49,1278933.03,0,0
5,PAYMENT,2513.72,C224544559,18024.0,15510.28,M1671973814,0.0,0.0,0,0
8,PAYMENT,10948.49,C305260485,0.0,0.0,M2012649556,0.0,0.0,0,0
8,PAYMENT,8067.66,C472306466,0.0,0.0,M831410953,0.0,0.0,0,0
8,CASH_OUT,258452.62,C141032790,0.0,0.0,C1066166621,679905.01,938357.62,0,0
9,CASH_OUT,461104.23,C34550233,0.0,0.0,C2116153614,2328304.94,3328515.41,0,0
8,CASH_IN,238100.94,C624965769,2682663.16,2920764.1,C849689177,523465.14,624094.23,0,0
8,CASH_IN,119220.68,C2012415090,394783.0,514003.68,C1825992554,266.75,0.0,0,0
8,TRANSFER,729214.48,C1979485247,657827.0,0.0,C1174600239,0.0,729214.48,0,0
7,PAYMENT,6454.56,C1826145139,0.0,0.0,M1151309352,0.0,0.0,0,0
8,PAYMENT,5089.4,C1948268006,659229.0,654139.6,M843054904,0.0,0.0,0,0
8,PAYMENT,5083.83,C58054314,30956.0,25872.17,M562325849,0.0,0.0,0,0
8,TRANSFER,3989315.7,C1856743149,0.0,0.0,C1787868648,11138761.17,15128076.87,0,0
7,PAYMENT,21227.0,C116449140,0.0,0.0,M1119605276,0.0,0.0,0,0
8,CASH_OUT,45762.11,C792935798,12275.0,0.0,C2100440237,789409.58,835171.69,0,0
8,PAYMENT,5843.28,C25913092,14143.0,8299.72,M1170462195,0.0,0.0,0,0
7,CASH_IN,34693.01,C1593701682,7286731.21,7321424.22,C1527761090,81106.0,117014.68,0,0
9,CASH_IN,105789.74,C1272596359,31607.0,137396.74,C361843637,0.0,0.0,0,0
9,CASH_OUT,36297.52,C805027547,0.0,0.0,C378841819,591759.31,0.0,0,0
7,PAYMENT,14178.94,C1967716301,187282.0,173103.06,M1956253499,0.0,0.0,0,0
8,CASH_IN,28990.69,C1435107151,8543570.82,8572561.51,C1242586395,58532.57,1492687.11,0,0
1,PAYMENT,2358.63,C409565350,70824.0,68465.37,M771923297,0.0,0.0,0,0
8,CASH_OUT,23520.71,C266710585,49980.0,26459.29,C1459861371,978.0,33309.74,0,0
8,CASH_OUT,188742.33,C382506612,0.0,0.0,C432416411,238881.0,116259.26,0,0
8,PAYMENT,5322.01,C1515870140,164.0,0.0,M818475287,0.0,0.0,0,0
8,PAYMENT,4012.22,C1910599893,0.0,0.0,M2012885431,0.0,0.0,0,0
9,CASH_IN,143313.2,C2107130137,7751683.38,7894996.58,C1866827563,4231318.25,4088005.05,0,0
7,PAYMENT,21354.7,C145827388,99221.0,77866.3,M363565965,0.0,0.0,0,0
6,PAYMENT,16865.33,C1269528782,2592.0,0.0,M1124055734,0.0,0.0,0,0
8,CASH_OUT,255392.01,C259311295,10068.0,0.0,C525141182,39131.44,160321.09,0,0
8,PAYMENT,12947.78,C1049794757,0.0,0.0,M1146955517,0.0,0.0,0,0
7,PAYMENT,6504.7,C920119506,14205.53,7700.83,M1902028362,0.0,0.0,0,0
7,TRANSFER,840288.07,C1627993706,42120.0,0.0,C1626759869,0.0,592376.6,0,0
8,CASH_OUT,91967.64,C1412993013,0.0,0.0,C563780374,191806.99,283774.63,0,0
8,PAYMENT,987.81,C1398185213,117.0,0.0,M758960826,0.0,0.0,0,0
8,PAYMENT,5900.31,C583102303,1514.0,0.0,M1974845323,0.0,0.0,0,0
9,CASH_IN,248512.7,C1823983498,387878.28,636390.98,C590310947,353194.46,77112.75,0,0
9,CASH_OUT,351629.45,C529286644,0.0,0.0,C791710001,587820.76,2291939.98,0,0
7,CASH_OUT,100812.25,C1530469330,0.0,0.0,C1401721023,120585.82,1602681.63,0,0
7,PAYMENT,11049.25,C374817457,747.0,0.0,M381073902,0.0,0.0,0,0
8,CASH_OUT,186948.23,C1924977676,72960.6,0.0,C1495761010,1969176.6,2222977.24,0,0
9,CASH_OUT,223855.58,C286030867,0.0,0.0,C2103065350,1300629.77,2327534.97,0,0
8,PAYMENT,6642.43,C231609686,42.0,0.0,M1357642831,0.0,0.0,0,0
8,TRANSFER,43377.84,C1173158548,0.0,0.0,C1306763722,169088.76,49723.29,0,0
8,PAYMENT,7000.05,C1880528331,539007.34,532007.3,M734661326,0.0,0.0,0,0
8,CASH_OUT,156721.99,C1192885863,0.0,0.0,C478793413,215476.78,121644.41,0,0
8,CASH_OUT,96321.65,C1932926761,51428.0,0.0,C1329589315,615608.47,711930.13,0,0
9,CASH_IN,176932.89,C518629727,198676.0,375608.89,C1596306253,13675.86,0.0,0,0
8,PAYMENT,6202.85,C668301747,12394.0,6191.15,M211551210,0.0,0.0,0,0
9,PAYMENT,12830.18,C1850989559,49786.0,36955.82,M2104082835,0.0,0.0,0,0
9,CASH_IN,155587.44,C1948867443,80982.0,236569.44,C352976788,39637.0,0.0,0,0
5,PAYMENT,3992.52,C577269211,204038.0,200045.48,M774501006,0.0,0.0,0,0
7,CASH_OUT,75157.07,C466396438,0.0,0.0,C1313534832,210592.25,1005781.48,0,0
1,PAYMENT,9920.52,C764826684,0.0,0.0,M1940055334,0.0,0.0,0,0
8,PAYMENT,12803.28,C1702292388,11360.0,0.0,M1558754592,0.0,0.0,0,0
9,PAYMENT,5673.57,C1580041709,0.0,0.0,M2138477090,0.0,0.0,0,0
1,TRANSFER,91424.21,C1167792250,0.0,0.0,C1067936865,154845.0,0.0,0,0
9,CASH_OUT,89133.06,C463123684,0.0,0.0,C654996410,244375.4,623788.35,0,0
8,TRANSFER,259453.17,C272204707,0.0,0.0,C2106812355,523908.57,1553332.79,0,0
7,DEBIT,4524.01,C150362726,15062.72,10538.71,C579634511,58483.0,0.0,0,0
9,PAYMENT,12128.33,C1325221534,15431.0,3302.67,M719345541,0.0,0.0,0,0
9,CASH_OUT,123052.24,C1264426913,16479.0,0.0,C1872618824,52384.62,28067.51,0,0
8,PAYMENT,15132.28,C1589230243,0.0,0.0,M1938857936,0.0,0.0,0,0
8,PAYMENT,7876.04,C651998303,21122.02,13245.98,M1300244399,0.0,0.0,0,0
2,PAYMENT,2713.13,C1406221524,0.0,0.0,M2005293363,0.0,0.0,0,0
9,PAYMENT,12422.26,C2091441150,101826.0,89403.74,M440995445,0.0,0.0,0,0
7,PAYMENT,6815.33,C615564601,570943.0,564127.67,M500712548,0.0,0.0,0,0
8,CASH_OUT,243929.25,C2067314975,0.0,0.0,C769342184,16585835.05,16681340.95,0,0
9,CASH_IN,89601.03,C1226093975,8934623.31,9024224.35,C934085675,1079104.79,1483873.18,0,0
8,PAYMENT,5335.13,C310284466,196130.68,190795.55,M1794428624,0.0,0.0,0,0
7,CASH_IN,48101.08,C1879499974,10606079.9,10654180.98,C1292435170,103914.0,2076594.43,0,0
8,TRANSFER,751977.11,C2061024589,0.0,0.0,C1286084959,11016705.53,12959765.0,0,0
7,PAYMENT,8588.83,C1158386921,71658.94,63070.11,M1663079416,0.0,0.0,0,0
8,PAYMENT,2321.78,C1968325549,35402.0,33080.22,M751855156,0.0,0.0,0,0
9,PAYMENT,20668.91,C2072875381,12326.0,0.0,M268551967,0.0,0.0,0,0
8,PAYMENT,13681.55,C1156241708,3054.0,0.0,M1803875006,0.0,0.0,0,0
8,PAYMENT,5067.86,C889924178,0.0,0.0,M361776472,0.0,0.0,0,0
8,PAYMENT,2630.5,C2114077042,6088.0,3457.5,M6124782,0.0,0.0,0,0
9,PAYMENT,1481.83,C395916915,0.0,0.0,M1351155477,0.0,0.0,0,0
9,CASH_OUT,61967.63,C1419544665,28033.0,0.0,C1293405828,21827.75,499988.04,0,0
8,CASH_OUT,129579.09,C1911360350,0.0,0.0,C1261940766,0.0,129579.09,0,0
8,CASH_IN,250372.65,C1712202757,100641.0,351013.65,C1621383518,1190896.64,2200542.2,0,0
8,CASH_OUT,46656.71,C1514451785,0.0,0.0,C1144527317,93120.59,0.0,0,0
6,CASH_IN,113859.94,C66348462,4563815.27,4677675.22,C1255024717,10833791.0,12947437.37,0,0
9,CASH_OUT,377493.87,C508218451,0.0,0.0,C1463361810,484478.43,861972.3,0,0
8,CASH_OUT,67329.09,C855664785,14884.0,0.0,C505855829,0.0,267875.81,0,0
8,DEBIT,1969.02,C126190167,11378.0,9408.98,C1033887610,10820.0,0.0,0,0
8,CASH_IN,28773.33,C577812889,5122686.34,5151459.67,C851316413,113128.57,127671.62,0,0
8,TRANSFER,1509461.84,C832977140,0.0,0.0,C1768641212,2345808.71,3922199.3,0,0
9,CASH_OUT,48463.26,C420217654,0.0,0.0,C1923554921,990312.83,1290662.86,0,0
8,PAYMENT,5253.77,C356936556,18272.0,13018.23,M649246466,0.0,0.0,0,0
8,CASH_OUT,101509.28,C473436385,18207.73,0.0,C1963658928,51978.0,680371.49,0,0
9,CASH_OUT,291242.56,C71958106,714.0,0.0,C424669538,11308.0,302550.56,0,0
9,CASH_OUT,500852.98,C619227400,0.0,0.0,C366015139,5002885.36,5626564.0,0,0
9,PAYMENT,2068.72,C713424385,19333.0,17264.28,M1947656483,0.0,0.0,0,0
8,CASH_OUT,207805.32,C1576941791,51243.0,0.0,C1189861498,218696.72,922482.19,0,0
8,CASH_IN,339258.12,C1922459163,2377854.5,2717112.63,C745740822,375608.55,36350.43,0,0
9,CASH_OUT,269171.89,C1449150167,0.0,0.0,C1506782127,4154131.22,4624781.05,0,0
8,TRANSFER,1164145.38,C776846544,5971.0,0.0,C593210287,156663.0,2724575.25,0,0
8,CASH_OUT,105132.09,C1687915269,49236.0,0.0,C648198000,4161.0,11494184.42,0,0
9,PAYMENT,24207.47,C1212892071,0.0,0.0,M1239660455,0.0,0.0,0,0
1,PAYMENT,2786.6,C724028528,29009.51,26222.91,M1869247587,0.0,0.0,0,0
6,PAYMENT,16549.58,C1728845596,551.0,0.0,M1641292405,0.0,0.0,0,0
7,PAYMENT,682.48,C1017017207,5686593.96,5685911.48,M1380757593,0.0,0.0,0,0
8,CASH_OUT,70297.53,C34127049,104303.0,34005.47,C798170461,0.0,44565.86,0,0
7,CASH_IN,194628.84,C1452603040,6962297.48,7156926.32,C1234776885,2315350.49,4441465.94,0,0
8,CASH_IN,200543.21,C1982893466,8222306.25,8422849.46,C555334025,227994.86,72786.24,0,0
8,PAYMENT,5357.55,C1424718366,788.0,0.0,M1957582539,0.0,0.0,0,0
8,PAYMENT,17693.99,C2056832716,101819.98,84125.99,M552762676,0.0,0.0,0,0
8,CASH_IN,54344.08,C240278367,15869559.03,15923903.11,C1951379728,634253.7,579909.62,0,0
1,PAYMENT,7394.33,C1533972343,0.0,0.0,M1101451553,0.0,0.0,0,0
8,PAYMENT,7115.88,C1697198592,10680.0,3564.12,M1469731192,0.0,0.0,0,0
7,TRANSFER,486780.94,C1251831481,114417.0,0.0,C1832580921,0.0,486780.94,0,0
9,CASH_OUT,190208.03,C279840440,0.0,0.0,C1849941462,2772617.1,2962825.13,0,0
8,CASH_OUT,217470.69,C289125183,1582245.24,1364774.55,C1014923261,1217163.0,1434633.69,0,0
9,CASH_OUT,73903.38,C1633328465,51286.0,0.0,C1459692379,44470.68,118374.06,0,0
2,DEBIT,923.14,C566039179,35512.0,34588.86,C1017997535,200546.0,19293.26,0,0
9,CASH_OUT,102194.38,C1733967568,0.0,0.0,C1413033701,445256.09,796200.04,0,0
5,DEBIT,1857.79,C645323114,11581.21,9723.42,C1877453512,118276.63,120134.42,0,0
8,PAYMENT,16929.29,C1004157109,296652.52,279723.23,M1516781526,0.0,0.0,0,0
7,CASH_IN,93766.05,C516515090,808919.51,902685.56,C803116137,16183022.41,15651209.26,0,0
9,PAYMENT,8433.0,C524034807,0.0,0.0,M2026673425,0.0,0.0,0,0
9,PAYMENT,7703.67,C1909150642,37379.75,29676.08,M1428978331,0.0,0.0,0,0
8,CASH_IN,55627.5,C1369604010,7666524.38,7722151.88,C1873099533,381425.17,325797.67,0,0
8,PAYMENT,3374.4,C135194470,11026.0,7651.6,M267804101,0.0,0.0,0,0
8,CASH_IN,247512.37,C1190353065,788593.15,1036105.51,C1395746279,1712065.81,1391020.69,0,0
7,PAYMENT,9383.43,C135943858,1177.0,0.0,M1217162392,0.0,0.0,0,0
8,TRANSFER,471159.08,C492697524,0.0,0.0,C1651945012,2774218.24,6376726.23,0,0
4,CASH_OUT,6701.1,C936432499,105415.71,98714.61,C2134357721,398660.23,50620.17,0,0
9,TRANSFER,488788.63,C2057439381,0.0,0.0,C1318038292,1239540.56,1235752.92,0,0
8,PAYMENT,2784.0,C579249185,71269.0,68485.0,M537255019,0.0,0.0,0,0
7,PAYMENT,10058.41,C607204801,39940.0,29881.59,M50848559,0.0,0.0,0,0
7,PAYMENT,417.47,C1436049448,12398.0,11980.53,M31771138,0.0,0.0,0,0
8,PAYMENT,18876.65,C1982712159,100828.0,81951.35,M1066850895,0.0,0.0,0,0
1,CASH_OUT,161796.96,C609887969,226.11,0.0,C985934102,1623166.58,971418.91,0,0
9,CASH_IN,58568.91,C647377206,19347.0,77915.91,C1689184041,11972.0,0.0,0,0
9,CASH_IN,204420.47,C867637386,52775.0,257195.47,C884166426,179157.3,439056.87,0,0
2,PAYMENT,7832.2,C1260390769,26015.13,18182.93,M439078230,0.0,0.0,0,0
8,CASH_OUT,253832.21,C736233587,0.0,0.0,C1926673338,2485397.81,2125199.85,0,0
8,PAYMENT,5977.19,C1199231926,5291.0,0.0,M1225909483,0.0,0.0,0,0
8,PAYMENT,7077.36,C158679978,364366.81,357289.45,M1319925308,0.0,0.0,0,0
7,CASH_OUT,234671.63,C2004795243,0.0,0.0,C1504109395,3183544.93,4324988.42,0,0
5,PAYMENT,25.08,C488388565,21558.0,21532.92,M1666530975,0.0,0.0,0,0
8,CASH_OUT,109132.77,C639368662,0.0,0.0,C593210287,1320808.38,2724575.25,0,0
9,PAYMENT,9645.86,C477187237,0.0,0.0,M1853243613,0.0,0.0,0,0
8,PAYMENT,4145.63,C306467776,1124201.8,1120056.17,M1457903190,0.0,0.0,0,0
9,PAYMENT,20894.19,C1467970595,33.0,0.0,M1815115156,0.0,0.0,0,0
8,CASH_OUT,61561.73,C1660221342,0.0,0.0,C1303152189,7346.89,38240.9,0,0
9,CASH_IN,146025.68,C285404349,6228111.68,6374137.36,C365212068,4501384.23,4355358.55,0,0
5,PAYMENT,4426.72,C675100200,11834.0,7407.28,M1530206433,0.0,0.0,0,0
9,CASH_OUT,223414.87,C898569580,0.0,0.0,C204540579,629458.05,852872.92,0,0
9,PAYMENT,3904.99,C1088151361,31890.0,27985.01,M750903902,0.0,0.0,0,0
9,PAYMENT,15246.5,C2115753116,21.0,0.0,M248198481,0.0,0.0,0,0
8,CASH_OUT,123095.29,C547278918,0.0,0.0,C1423992712,13680238.43,13803333.72,0,0
9,TRANSFER,578374.88,C2142383572,0.0,0.0,C2127862399,1388195.29,1966570.17,0,0
8,TRANSFER,280451.3,C1410571376,0.0,0.0,C1145835418,986412.38,1236584.82,0,0
7,PAYMENT,5810.61,C67557666,115406.38,109595.77,M1442935412,0.0,0.0,0,0
7,PAYMENT,707.83,C853730833,216082.0,215374.17,M2118675919,0.0,0.0,0,0
8,CASH_IN,153576.11,C1673217698,6860127.93,7013704.03,C1211297851,895989.28,862194.34,0,0
7,CASH_IN,255006.35,C1141385284,1356796.69,1611803.05,C237988421,628574.97,1720474.04,0,0
8,PAYMENT,3514.95,C1947682027,0.0,0.0,M1154865135,0.0,0.0,0,0
1,PAYMENT,3637.13,C2081964843,0.0,0.0,M1984328477,0.0,0.0,0,0
6,CASH_IN,204371.41,C791028852,0.0,204371.41,C1916720513,6964920.17,6760548.76,0,0
5,PAYMENT,9479.49,C1273684451,19410.52,9931.02,M1011387188,0.0,0.0,0,0
8,TRANSFER,290166.31,C548467586,0.0,0.0,C1816986148,6023815.62,7679197.62,0,0
2,CASH_OUT,8760.71,C378006273,0.0,0.0,C1870252780,7347209.57,7416184.79,0,0
8,CASH_OUT,434775.78,C391474633,13913.0,0.0,C1258899140,53997.59,0.0,0,0
9,CASH_OUT,162875.89,C1861509655,0.0,0.0,C1645903235,281849.98,444725.88,0,0
7,CASH_OUT,91589.47,C428091523,0.0,0.0,C643996026,104739.0,38124.05,0,0
8,PAYMENT,9967.99,C2099451236,1655416.88,1645448.89,M1234465146,0.0,0.0,0,0
9,CASH_OUT,262052.85,C890342752,0.0,0.0,C157316544,1094373.33,721820.11,0,0
8,PAYMENT,15055.25,C450376628,140698.0,125642.75,M598128067,0.0,0.0,0,0
8,PAYMENT,2474.66,C954023381,45426.31,42951.65,M1978429931,0.0,0.0,0,0
7,CASH_IN,20163.75,C1773428022,8367897.74,8388061.49,C1953886321,24129.0,699272.16,0,0
8,TRANSFER,449097.07,C515722696,1163.0,0.0,C649699940,0.0,283197.25,0,0
9,PAYMENT,22873.98,C386686532,0.0,0.0,M300108388,0.0,0.0,0,0
8,CASH_IN,480444.71,C525371205,1703565.62,2184010.34,C1311325237,895724.8,5465400.62,0,0
6,PAYMENT,1537.12,C1583878295,22494.0,20956.88,M354980344,0.0,0.0,0,0
7,PAYMENT,4560.38,C487325301,21198.0,16637.62,M1051327852,0.0,0.0,0,0
9,TRANSFER,310476.34,C1767829117,0.0,0.0,C673237234,1635425.01,1945901.36,0,0
9,CASH_OUT,56318.83,C19755787,0.0,0.0,C232718093,62816.0,637413.11,0,0
9,CASH_OUT,97602.13,C949507936,0.0,0.0,C512626802,342167.42,576636.16,0,0
9,PAYMENT,376.03,C1042792579,0.0,0.0,M2042673616,0.0,0.0,0,0
8,CASH_IN,78565.32,C1864550624,249508.0,328073.32,C209884107,0.0,0.0,0,0
9,PAYMENT,2558.22,C252527644,0.0,0.0,M853485381,0.0,0.0,0,0
8,PAYMENT,10871.72,C1423799153,4837020.44,4826148.73,M2109595035,0.0,0.0,0,0
6,TRANSFER,296250.01,C1699756582,19401.28,0.0,C716083600,1552121.67,1848371.68,0,0
8,PAYMENT,6909.84,C624170967,93.0,0.0,M1327907550,0.0,0.0,0,0
3,PAYMENT,28899.92,C962548461,186.0,0.0,M2055501967,0.0,0.0,0,0
8,CASH_OUT,5357.83,C30652495,0.0,0.0,C1966562224,571367.34,556885.26,0,0
9,PAYMENT,9159.28,C454240248,0.0,0.0,M1097195874,0.0,0.0,0,0
8,CASH_OUT,286394.45,C843466842,31325.0,0.0,C1065349988,0.0,198152.07,0,0
8,CASH_IN,12574.32,C2057986560,3065879.67,3078454.0,C1541385794,532421.33,47342.1,0,0
8,CASH_OUT,206473.99,C1799631812,0.0,0.0,C382934088,1030696.9,1140090.51,0,0
8,PAYMENT,3591.39,C1046683703,32611.0,29019.61,M1654246331,0.0,0.0,0,0
9,PAYMENT,8501.77,C287830414,3063.0,0.0,M888188906,0.0,0.0,0,0
8,CASH_OUT,29219.8,C1933807639,0.0,0.0,C783286238,343469.12,372688.92,0,0
8,PAYMENT,984.55,C786886441,33819.0,32834.45,M1751878963,0.0,0.0,0,0
8,CASH_IN,200352.22,C2048227213,78254.59,278606.81,C248609774,11770236.78,13033871.02,0,0
8,CASH_OUT,107403.64,C815011394,158351.0,50947.36,C382697424,48000.8,368836.97,0,0
9,CASH_OUT,216209.37,C1189579743,11478.0,0.0,C1651945012,6376726.23,6814866.58,0,0
8,PAYMENT,11820.17,C73924165,590.0,0.0,M832073005,0.0,0.0,0,0
8,TRANSFER,501578.37,C1276746638,31473.0,0.0,C499052031,0.0,61997.79,0,0
9,TRANSFER,430027.27,C796732411,0.0,0.0,C802982068,4385227.45,7107504.32,0,0
8,PAYMENT,3119.95,C991949905,100915.0,97795.05,M676770058,0.0,0.0,0,0
3,PAYMENT,15484.5,C406831866,176099.0,160614.5,M974242027,0.0,0.0,0,0
8,PAYMENT,10324.03,C2001755150,107691.0,97366.97,M468309489,0.0,0.0,0,0
8,PAYMENT,688.4,C399914658,0.0,0.0,M26409174,0.0,0.0,0,0
9,PAYMENT,5523.25,C1460777269,185127.69,179604.43,M1789254056,0.0,0.0,0,0
3,CASH_OUT,105759.64,C1384626783,0.0,0.0,C728885526,152509.08,229190.56,0,0
9,CASH_IN,344320.72,C1003621812,2601620.85,2945941.57,C2038994826,1696399.14,1352078.42,0,0
3,PAYMENT,952.87,C647111342,42898.6,41945.73,M321192242,0.0,0.0,0,0
8,PAYMENT,9625.71,C811017878,151.0,0.0,M1005563137,0.0,0.0,0,0
1,PAYMENT,688.53,C1622863652,244496.0,243807.47,M102052782,0.0,0.0,0,0
8,CASH_IN,388365.43,C917139674,25489280.44,25877645.87,C979719862,657248.99,491448.89,0,0
9,PAYMENT,1296.8,C1119813507,271876.03,270579.22,M767210135,0.0,0.0,0,0
8,CASH_OUT,192929.69,C572952116,49030.0,0.0,C1746371201,550782.82,392132.46,0,0
6,PAYMENT,5976.69,C1028135144,69983.0,64006.31,M650520717,0.0,0.0,0,0
1,PAYMENT,4139.95,C1792473683,0.0,0.0,M1441410416,0.0,0.0,0,0
8,CASH_OUT,112898.41,C96935815,9165.0,0.0,C1727093989,1207.31,36991.15,0,0
8,CASH_OUT,70617.39,C141453473,0.0,0.0,C1443373883,327004.32,592618.39,0,0
4,CASH_IN,272453.68,C1985362663,7401779.9,7674233.58,C1916720513,6527624.72,6778025.76,0,0
9,CASH_OUT,167313.55,C500811679,0.0,0.0,C1872196255,188261.0,693537.59,0,0
8,CASH_IN,118231.35,C726993378,6273849.52,6392080.87,C1626759869,1210621.12,1845436.06,0,0
8,PAYMENT,5995.23,C1147182102,69981.31,63986.08,M145185598,0.0,0.0,0,0
9,PAYMENT,5154.67,C1340154398,1456014.08,1450859.41,M834020082,0.0,0.0,0,0
8,PAYMENT,10375.59,C1234385850,10314.0,0.0,M83301267,0.0,0.0,0,0
8,CASH_IN,49638.52,C1473405499,7372635.75,7422274.27,C1753128715,67616.38,0.0,0,0
9,CASH_IN,118030.31,C644919437,2050997.18,2169027.49,C1383831706,5795912.48,6098341.04,0,0
9,PAYMENT,3207.54,C967278294,87908.0,84700.46,M560440297,0.0,0.0,0,0
7,PAYMENT,6320.26,C515634680,28137.0,21816.74,M114854837,0.0,0.0,0,0
8,PAYMENT,19744.05,C782824919,166181.1,146437.05,M1837022119,0.0,0.0,0,0
8,CASH_OUT,115567.36,C483525002,0.0,0.0,C413177525,2354247.99,3489392.77,0,0
9,PAYMENT,6425.48,C917799760,0.0,0.0,M925451083,0.0,0.0,0,0
9,PAYMENT,8080.85,C1940020133,0.0,0.0,M765614266,0.0,0.0,0,0
